date,station,tmin_true,tmin_pred
2024-01-01,POWER,0.94,2.3925038395996503
2024-01-01,POWER,0.22,2.468485045833374
2024-01-01,POWER,3.29,5.01708629477433
2024-01-01,POWER,1.69,3.277962201944318
2024-01-01,POWER,1.69,3.277962201944318
2024-01-01,POWER,0.14,1.156893165013432
2024-01-01,POWER,5.77,6.510250146691523
2024-01-01,POWER,1.39,1.1428424649733702
2024-01-01,POWER,4.05,3.9036506176887604
2024-01-01,POWER,7.66,6.415377218270581
2024-01-01,POWER,7.66,6.415377218270581
2024-01-01,POWER,2.51,5.991759833003944
2024-01-01,POWER,1.84,0.5733217334920326
2024-01-02,POWER,2.3,2.2874726413899302
2024-01-02,POWER,1.83,2.275432203491687
2024-01-02,POWER,4.73,4.866278422886411
2024-01-02,POWER,4.76,3.0632907313352695
2024-01-02,POWER,4.76,3.0632907313352695
2024-01-02,POWER,4.89,1.173313133876956
2024-01-02,POWER,8.81,6.362975143288296
2024-01-02,POWER,2.66,1.222624945709973
2024-01-02,POWER,7.94,3.9743020727353517
2024-01-02,POWER,9.53,6.4350383637452735
2024-01-02,POWER,9.53,6.4350383637452735
2024-01-02,POWER,4.44,5.926645285985012
2024-01-02,POWER,4.42,0.457666718827824
2024-01-03,POWER,3.29,2.1290008555249065
2024-01-03,POWER,1.58,2.2405122345385022
2024-01-03,POWER,2.62,4.848831385922529
2024-01-03,POWER,3.31,2.8870233202563282
2024-01-03,POWER,3.31,2.8870233202563282
2024-01-03,POWER,2.23,1.3119915526007682
2024-01-03,POWER,3.74,6.645998528235242
2024-01-03,POWER,1.77,1.3301728688330623
2024-01-03,POWER,3.31,4.246310859667396
2024-01-03,POWER,6.4,6.513154976120448
2024-01-03,POWER,6.4,6.513154976120448
2024-01-03,POWER,6.18,5.735747577085336
2024-01-03,POWER,1.86,0.7245797481598808
2024-01-04,POWER,0.73,1.965160086576769
2024-01-04,POWER,-0.2,2.1328590661249387
2024-01-04,POWER,1.52,4.952351446827934
2024-01-04,POWER,1.64,2.7499270053315223
2024-01-04,POWER,1.64,2.7499270053315223
2024-01-04,POWER,1.5,0.9600516557053864
2024-01-04,POWER,2.6,6.753946369501768
2024-01-04,POWER,1.29,0.9167884562849391
2024-01-04,POWER,2.48,4.253089048654552
2024-01-04,POWER,6.4,6.386896765779206
2024-01-04,POWER,6.4,6.386896765779206
2024-01-04,POWER,4.97,5.492745910508584
2024-01-04,POWER,1.71,0.4256423734045065
2024-01-05,POWER,1.62,2.0050205590006756
2024-01-05,POWER,0.89,1.9621630564948327
2024-01-05,POWER,1.76,4.655709236338004
2024-01-05,POWER,1.41,2.504205802558639
2024-01-05,POWER,1.41,2.504205802558639
2024-01-05,POWER,2.68,0.9745966333811173
2024-01-05,POWER,5.28,6.323383406583206
2024-01-05,POWER,3.3,0.9361624060334958
2024-01-05,POWER,5.46,3.9359032220235637
2024-01-05,POWER,6.34,6.186897148104128
2024-01-05,POWER,6.34,6.186897148104128
2024-01-05,POWER,4.73,5.413927095878259
2024-01-05,POWER,3.32,0.33862561335276115
2024-01-06,POWER,1.32,1.8681970936781367
2024-01-06,POWER,1.27,1.786236100745797
2024-01-06,POWER,1.33,4.512548571746907
2024-01-06,POWER,1.1,2.236180934997655
2024-01-06,POWER,1.1,2.236180934997655
2024-01-06,POWER,2.5,0.6547790374881508
2024-01-06,POWER,4.64,6.064083858815421
2024-01-06,POWER,2.79,0.5323527171558576
2024-01-06,POWER,5.57,3.581631406531217
2024-01-06,POWER,7.11,5.90232444305185
2024-01-06,POWER,7.11,5.90232444305185
2024-01-06,POWER,6.03,5.248853326045167
2024-01-06,POWER,2.96,-0.04895776507173065
2024-01-07,POWER,3.37,1.6763011545767297
2024-01-07,POWER,0.04,1.5207121071688041
2024-01-07,POWER,1.17,4.286298577169017
2024-01-07,POWER,0.75,1.7482180463537749
2024-01-07,POWER,0.75,1.7482180463537749
2024-01-07,POWER,2.09,0.48407614160423973
2024-01-07,POWER,4.7,5.724153231820573
2024-01-07,POWER,1.53,0.5406347160338524
2024-01-07,POWER,5.73,3.2847859245623634
2024-01-07,POWER,8.03,5.558075421830974
2024-01-07,POWER,8.03,5.558075421830974
2024-01-07,POWER,5.49,5.304435520282679
2024-01-07,POWER,3.28,-0.19256433021201957
2024-01-08,POWER,1.08,1.6520321280276085
2024-01-08,POWER,-0.27,1.5897750578748868
2024-01-08,POWER,2.62,4.416594380833282
2024-01-08,POWER,-0.06,2.241272867382742
2024-01-08,POWER,-0.06,2.241272867382742
2024-01-08,POWER,3.93,0.5683162687056795
2024-01-08,POWER,7.15,5.9453326578309325
2024-01-08,POWER,3.98,0.4430459461059427
2024-01-08,POWER,6.68,3.398355115747702
2024-01-08,POWER,8.03,5.613742362523973
2024-01-08,POWER,8.03,5.613742362523973
2024-01-08,POWER,5.36,5.018817387335704
2024-01-08,POWER,2.67,-0.3358306749137126
2024-01-09,POWER,1.6,1.7901531277177412
2024-01-09,POWER,0.23,1.6882323601903848
2024-01-09,POWER,1.76,4.41514842671363
2024-01-09,POWER,0.57,2.22797940391954
2024-01-09,POWER,0.57,2.22797940391954
2024-01-09,POWER,3.04,0.5888623745481328
2024-01-09,POWER,5.27,6.106090000152143
2024-01-09,POWER,3.32,0.4224067406658092
2024-01-09,POWER,6.06,3.4602238896828297
2024-01-09,POWER,8.01,5.750694207287042
2024-01-09,POWER,8.01,5.750694207287042
2024-01-09,POWER,5.2,5.384143051473466
2024-01-09,POWER,1.98,-0.1610083032781838
2024-01-10,POWER,1.47,1.5655969993633445
2024-01-10,POWER,-0.3,1.4665251462208981
2024-01-10,POWER,1.58,4.4046299480214435
2024-01-10,POWER,0.75,2.198829299742689
2024-01-10,POWER,0.75,2.198829299742689
2024-01-10,POWER,2.77,0.4554652336161252
2024-01-10,POWER,5.83,5.900624698122741
2024-01-10,POWER,3.27,0.6922077162426832
2024-01-10,POWER,6.44,3.2404754607772066
2024-01-10,POWER,8.24,5.673131062638579
2024-01-10,POWER,8.24,5.673131062638579
2024-01-10,POWER,3.99,5.110580142046249
2024-01-10,POWER,2.69,-0.10468013185136785
2024-01-11,POWER,2.49,1.7382099635935848
2024-01-11,POWER,0.53,1.7491088505529642
2024-01-11,POWER,3.08,4.434009728498363
2024-01-11,POWER,2.8,2.4580588583423855
2024-01-11,POWER,2.8,2.4580588583423855
2024-01-11,POWER,2.95,0.8373209234192589
2024-01-11,POWER,7.4,5.886243488675478
2024-01-11,POWER,4.74,0.5747064869373283
2024-01-11,POWER,6.69,3.5524400447536157
2024-01-11,POWER,8.39,5.929480000066023
2024-01-11,POWER,8.39,5.929480000066023
2024-01-11,POWER,5.56,5.285752841176906
2024-01-11,POWER,4.76,-0.19207539926973088
2024-01-12,POWER,-0.07,1.4483622998031012
2024-01-12,POWER,-0.73,1.573248774155066
2024-01-12,POWER,0.36,4.291785234852481
2024-01-12,POWER,2.13,2.1164269631781534
2024-01-12,POWER,2.13,2.1164269631781534
2024-01-12,POWER,1.38,0.3384427606252839
2024-01-12,POWER,4.1,5.969259248858743
2024-01-12,POWER,2.03,0.4676679346399537
2024-01-12,POWER,4.93,3.453327570373082
2024-01-12,POWER,7.86,5.784156795683055
2024-01-12,POWER,7.86,5.784156795683055
2024-01-12,POWER,6.25,5.153171037241641
2024-01-12,POWER,3.58,-0.20355356150079246
2024-01-13,POWER,1.46,1.895479302116476
2024-01-13,POWER,0.91,1.8035390233955602
2024-01-13,POWER,2.17,4.491395041724351
2024-01-13,POWER,1.58,2.2011903324491002
2024-01-13,POWER,1.58,2.2011903324491002
2024-01-13,POWER,3.12,0.5493720370807283
2024-01-13,POWER,6.88,5.7708044146145
2024-01-13,POWER,3.44,0.47937320399357575
2024-01-13,POWER,6.55,3.294691537442468
2024-01-13,POWER,7.54,5.760332115654392
2024-01-13,POWER,7.54,5.760332115654392
2024-01-13,POWER,5.89,5.299112542679526
2024-01-13,POWER,3.82,-0.07953217552527604
2024-01-14,POWER,2.58,2.104830496633478
2024-01-14,POWER,3.44,2.117288574534779
2024-01-14,POWER,4.9,4.886763837642465
2024-01-14,POWER,3.54,2.7506968435376535
2024-01-14,POWER,3.54,2.7506968435376535
2024-01-14,POWER,3.44,1.0142978543662187
2024-01-14,POWER,7.13,6.395349318001645
2024-01-14,POWER,3.08,0.8903392244989309
2024-01-14,POWER,7.08,3.8334849428214484
2024-01-14,POWER,8.03,6.239154873441527
2024-01-14,POWER,8.03,6.239154873441527
2024-01-14,POWER,6.0,5.72786524203345
2024-01-14,POWER,4.4,0.2936112236775272
2024-01-15,POWER,2.27,2.0527412056583514
2024-01-15,POWER,2.67,2.0445561471906393
2024-01-15,POWER,3.66,4.736040876608386
2024-01-15,POWER,3.03,2.729548212886687
2024-01-15,POWER,3.03,2.729548212886687
2024-01-15,POWER,4.02,1.224975139821582
2024-01-15,POWER,6.82,6.544948199800309
2024-01-15,POWER,4.8,1.0719172505199683
2024-01-15,POWER,7.19,4.0995973276057205
2024-01-15,POWER,8.36,6.481258189899491
2024-01-15,POWER,8.36,6.481258189899491
2024-01-15,POWER,6.67,5.8155920586728564
2024-01-15,POWER,5.04,0.516455782833217
2024-01-16,POWER,2.81,2.174404321159141
2024-01-16,POWER,3.03,2.3460776600534996
2024-01-16,POWER,3.74,4.961148531951244
2024-01-16,POWER,3.61,2.9544172408766207
2024-01-16,POWER,3.61,2.9544172408766207
2024-01-16,POWER,3.27,1.1905782026289837
2024-01-16,POWER,7.54,6.569768414473461
2024-01-16,POWER,4.87,1.1437631042300433
2024-01-16,POWER,7.32,4.1828786732879655
2024-01-16,POWER,8.51,6.516162011339357
2024-01-16,POWER,8.51,6.516162011339357
2024-01-16,POWER,6.7,5.845489788448529
2024-01-16,POWER,5.1,0.556546046567944
2024-01-17,POWER,1.96,2.348304304533027
2024-01-17,POWER,1.36,2.3105205166080633
2024-01-17,POWER,2.68,4.894701212805691
2024-01-17,POWER,3.73,2.9843745150582683
2024-01-17,POWER,3.73,2.9843745150582683
2024-01-17,POWER,4.21,1.2844813039778313
2024-01-17,POWER,6.34,6.692143374091122
2024-01-17,POWER,5.03,1.1465383238006124
2024-01-17,POWER,7.25,4.2016976057322655
2024-01-17,POWER,8.23,6.536211244489008
2024-01-17,POWER,8.23,6.536211244489008
2024-01-17,POWER,6.76,5.81577723067759
2024-01-17,POWER,4.68,0.6086088187181581
2024-01-18,POWER,2.92,2.2939487382595627
2024-01-18,POWER,0.97,2.151390979630235
2024-01-18,POWER,2.71,4.910311218954759
2024-01-18,POWER,3.64,2.915141422643968
2024-01-18,POWER,3.64,2.915141422643968
2024-01-18,POWER,2.9,1.2020123172559412
2024-01-18,POWER,7.19,6.547078971084385
2024-01-18,POWER,3.9,1.1787190065808901
2024-01-18,POWER,7.49,4.152607048003871
2024-01-18,POWER,8.67,6.48726113580541
2024-01-18,POWER,8.67,6.48726113580541
2024-01-18,POWER,7.63,5.801256373832516
2024-01-18,POWER,5.06,0.5213777835493462
2024-01-19,POWER,2.57,2.142817964250043
2024-01-19,POWER,3.91,2.1446188244042563
2024-01-19,POWER,4.39,4.831541300125215
2024-01-19,POWER,3.5,2.8902772847329934
2024-01-19,POWER,3.5,2.8902772847329934
2024-01-19,POWER,4.64,1.2768418297241224
2024-01-19,POWER,8.9,6.572154176818745
2024-01-19,POWER,5.53,1.1958600799949533
2024-01-19,POWER,7.82,4.19605542172469
2024-01-19,POWER,8.94,6.412033543710182
2024-01-19,POWER,8.94,6.412033543710182
2024-01-19,POWER,8.08,5.752818464794253
2024-01-19,POWER,4.8,0.550693517464182
2024-01-20,POWER,4.26,2.21633184624667
2024-01-20,POWER,3.15,2.121995772282828
2024-01-20,POWER,4.84,4.756611742993835
2024-01-20,POWER,4.6,2.7824885020504224
2024-01-20,POWER,4.6,2.7824885020504224
2024-01-20,POWER,4.44,1.0253287475005437
2024-01-20,POWER,7.21,6.531135660538366
2024-01-20,POWER,5.4,0.8924300355272633
2024-01-20,POWER,7.27,4.105890362375709
2024-01-20,POWER,9.22,6.379639314586422
2024-01-20,POWER,9.22,6.379639314586422
2024-01-20,POWER,7.07,5.766177412315987
2024-01-20,POWER,5.42,0.4596385601780212
2024-01-21,POWER,3.81,2.1410733925980656
2024-01-21,POWER,3.61,2.1514371520980404
2024-01-21,POWER,5.35,4.966648004214523
2024-01-21,POWER,4.75,2.9962116677816755
2024-01-21,POWER,4.75,2.9962116677816755
2024-01-21,POWER,4.0,1.3510568312763045
2024-01-21,POWER,8.23,6.703177194645511
2024-01-21,POWER,5.13,1.2128780169907578
2024-01-21,POWER,8.02,4.353840941148468
2024-01-21,POWER,8.74,6.5934773489792375
2024-01-21,POWER,8.74,6.5934773489792375
2024-01-21,POWER,4.95,5.752686686138262
2024-01-21,POWER,4.58,0.5758961841231982
2024-01-22,POWER,3.43,2.173935970233995
2024-01-22,POWER,1.75,2.1243660498003365
2024-01-22,POWER,2.9,4.758310420330801
2024-01-22,POWER,3.61,2.8340224158380787
2024-01-22,POWER,3.61,2.8340224158380787
2024-01-22,POWER,3.7,1.0391685689271462
2024-01-22,POWER,6.35,6.628037494399065
2024-01-22,POWER,4.07,1.0877771587559
2024-01-22,POWER,7.51,4.028703848309747
2024-01-22,POWER,8.78,6.354403852346238
2024-01-22,POWER,8.78,6.354403852346238
2024-01-22,POWER,7.89,5.863274417842946
2024-01-22,POWER,5.23,0.3520390676951723
2024-01-23,POWER,3.94,2.3045489479303796
2024-01-23,POWER,2.57,2.2993861889675222
2024-01-23,POWER,2.64,4.984833637618878
2024-01-23,POWER,3.78,2.9322772353730997
2024-01-23,POWER,3.78,2.9322772353730997
2024-01-23,POWER,2.24,1.2744959890157908
2024-01-23,POWER,7.22,6.528607608474351
2024-01-23,POWER,2.76,1.3664982078128036
2024-01-23,POWER,7.79,3.9922213543176492
2024-01-23,POWER,9.67,6.503102010452439
2024-01-23,POWER,9.67,6.503102010452439
2024-01-23,POWER,7.76,5.808510678861312
2024-01-23,POWER,4.86,0.5586219979261412
2024-01-24,POWER,2.64,2.14389944093284
2024-01-24,POWER,1.57,2.0960386465126044
2024-01-24,POWER,1.5,4.433128278411039
2024-01-24,POWER,2.38,2.8026273588654225
2024-01-24,POWER,2.38,2.8026273588654225
2024-01-24,POWER,1.63,1.0589067388054623
2024-01-24,POWER,4.92,6.3349323629495125
2024-01-24,POWER,2.61,0.8547221757258454
2024-01-24,POWER,6.55,3.7170923571653325
2024-01-24,POWER,9.17,6.148862684557547
2024-01-24,POWER,9.17,6.148862684557547
2024-01-24,POWER,7.38,5.474022969011471
2024-01-24,POWER,4.1,0.1743494876867328
2024-01-25,POWER,1.73,1.8719131387825398
2024-01-25,POWER,1.41,1.9349429928868827
2024-01-25,POWER,2.13,4.617294029065633
2024-01-25,POWER,1.29,2.6179875213117136
2024-01-25,POWER,1.29,2.6179875213117136
2024-01-25,POWER,2.37,1.035623654843758
2024-01-25,POWER,2.62,6.325367288488389
2024-01-25,POWER,3.05,1.0741738509590486
2024-01-25,POWER,2.73,4.0397333687862265
2024-01-25,POWER,4.32,6.569939012991699
2024-01-25,POWER,4.32,6.569939012991699
2024-01-25,POWER,3.29,5.65014417775759
2024-01-25,POWER,3.16,0.4397011732230195
2024-01-26,POWER,1.12,1.679742799747109
2024-01-26,POWER,1.07,1.8899021573937
2024-01-26,POWER,2.59,4.425080303855773
2024-01-26,POWER,1.12,2.5968930166985675
2024-01-26,POWER,1.12,2.5968930166985675
2024-01-26,POWER,1.24,0.7982355657820075
2024-01-26,POWER,2.87,6.26784636726722
2024-01-26,POWER,2.87,0.7637670964884934
2024-01-26,POWER,2.99,3.799174827210546
2024-01-26,POWER,4.7,6.193077567931448
2024-01-26,POWER,4.7,6.193077567931448
2024-01-26,POWER,4.85,5.45836123818683
2024-01-26,POWER,1.86,0.08266065556711608
2024-01-27,POWER,2.62,1.663497187187859
2024-01-27,POWER,2.22,1.6965882958788865
2024-01-27,POWER,4.35,4.291536657031614
2024-01-27,POWER,3.88,2.4962625916070738
2024-01-27,POWER,3.88,2.4962625916070738
2024-01-27,POWER,2.3,0.5620728481954798
2024-01-27,POWER,3.25,6.096778510820118
2024-01-27,POWER,2.52,0.5893065792234534
2024-01-27,POWER,2.99,3.6478242428100014
2024-01-27,POWER,5.33,5.972651811537425
2024-01-27,POWER,5.33,5.972651811537425
2024-01-27,POWER,4.97,5.103123176152977
2024-01-27,POWER,2.19,0.07733125559604223
2024-01-28,POWER,3.15,1.670678017538111
2024-01-28,POWER,2.34,1.748241830086957
2024-01-28,POWER,1.62,4.367875864495997
2024-01-28,POWER,1.84,2.368885542357018
2024-01-28,POWER,1.84,2.368885542357018
2024-01-28,POWER,2.65,0.644078315048346
2024-01-28,POWER,3.34,6.077013546548562
2024-01-28,POWER,1.5,0.6651381195901004
2024-01-28,POWER,4.04,3.759431781078766
2024-01-28,POWER,5.55,6.018791410372754
2024-01-28,POWER,5.55,6.018791410372754
2024-01-28,POWER,4.91,5.115992570008686
2024-01-28,POWER,2.32,0.07571052323569082
2024-01-29,POWER,2.08,1.5155304722500735
2024-01-29,POWER,0.96,1.5729720893535901
2024-01-29,POWER,2.35,4.265395374612221
2024-01-29,POWER,1.56,2.318901803686093
2024-01-29,POWER,1.56,2.318901803686093
2024-01-29,POWER,2.87,0.5801348787408499
2024-01-29,POWER,5.0,6.038361556369119
2024-01-29,POWER,2.94,0.47382594684465734
2024-01-29,POWER,4.56,3.602429716216854
2024-01-29,POWER,6.12,5.95627043820865
2024-01-29,POWER,6.12,5.95627043820865
2024-01-29,POWER,5.45,5.177385511495762
2024-01-29,POWER,0.95,-0.12038250825943887
2024-01-30,POWER,2.47,1.6262243419969014
2024-01-30,POWER,3.35,1.7136582376781835
2024-01-30,POWER,5.26,4.230443835975652
2024-01-30,POWER,2.75,2.3444013010784195
2024-01-30,POWER,2.75,2.3444013010784195
2024-01-30,POWER,-0.25,0.3727962424418017
2024-01-30,POWER,5.86,6.018047634446933
2024-01-30,POWER,0.15,0.3726380307190308
2024-01-30,POWER,3.77,3.4860632546789154
2024-01-30,POWER,4.07,6.172602731660226
2024-01-30,POWER,4.07,6.172602731660226
2024-01-30,POWER,3.42,5.171799806998116
2024-01-30,POWER,0.81,-0.28058296156574136
2024-01-31,POWER,2.36,1.4960079050041624
2024-01-31,POWER,1.41,1.5633039472653465
2024-01-31,POWER,1.5,4.3522426305689175
2024-01-31,POWER,1.54,2.238472432514851
2024-01-31,POWER,1.54,2.238472432514851
2024-01-31,POWER,1.39,0.5069344478743223
2024-01-31,POWER,2.45,6.141478685015069
2024-01-31,POWER,2.59,0.5076873428499687
2024-01-31,POWER,3.19,3.5741491914330417
2024-01-31,POWER,3.22,5.896292443746567
2024-01-31,POWER,3.22,5.896292443746567
2024-01-31,POWER,4.86,5.023509527091067
2024-01-31,POWER,0.95,-0.10138357374109275
2024-02-01,POWER,2.28,1.2693003914549998
2024-02-01,POWER,1.79,1.3690372526204324
2024-02-01,POWER,2.96,3.8408282289965903
2024-02-01,POWER,2.43,2.068115396736024
2024-02-01,POWER,2.43,2.068115396736024
2024-02-01,POWER,4.18,0.13681394752727757
2024-02-01,POWER,7.24,5.665486538563191
2024-02-01,POWER,4.75,0.28382937787838003
2024-02-01,POWER,7.74,3.1495657303903632
2024-02-01,POWER,8.36,5.4715572651869255
2024-02-01,POWER,8.36,5.4715572651869255
2024-02-01,POWER,5.04,4.9832252642251085
2024-02-01,POWER,3.21,-0.31585661180669466
2024-02-02,POWER,2.81,1.3715282653579735
2024-02-02,POWER,2.28,1.4444618923652301
2024-02-02,POWER,5.45,3.9816539198322873
2024-02-02,POWER,2.08,1.9496782191445676
2024-02-02,POWER,2.08,1.9496782191445676
2024-02-02,POWER,2.06,0.4026408357813457
2024-02-02,POWER,6.59,5.688983449611294
2024-02-02,POWER,1.48,0.3503860395717846
2024-02-02,POWER,4.25,3.1618214438966827
2024-02-02,POWER,7.51,5.471061743620692
2024-02-02,POWER,7.51,5.471061743620692
2024-02-02,POWER,5.31,4.793622897451491
2024-02-02,POWER,1.2,-0.4294750873159479
2024-02-03,POWER,3.59,1.326163878564155
2024-02-03,POWER,1.01,1.4408106581449074
2024-02-03,POWER,3.48,3.700771743923538
2024-02-03,POWER,1.8,1.8531027342570663
2024-02-03,POWER,1.8,1.8531027342570663
2024-02-03,POWER,0.38,0.189345416889486
2024-02-03,POWER,4.53,5.5882542451168575
2024-02-03,POWER,-0.48,0.31478733962732885
2024-02-03,POWER,2.61,2.956704781465957
2024-02-03,POWER,6.52,5.128047091694325
2024-02-03,POWER,6.52,5.128047091694325
2024-02-03,POWER,3.22,4.729205778505663
2024-02-03,POWER,-0.11,-0.5987576877091488
2024-02-04,POWER,1.8,0.9796663070010775
2024-02-04,POWER,0.99,0.8924461745957135
2024-02-04,POWER,3.85,3.284294812056421
2024-02-04,POWER,3.9,1.5674612086329136
2024-02-04,POWER,3.9,1.5674612086329136
2024-02-04,POWER,0.99,-0.3346289767010565
2024-02-04,POWER,6.28,5.029133881197272
2024-02-04,POWER,0.31,-0.0921409921791906
2024-02-04,POWER,4.06,2.4187670792660505
2024-02-04,POWER,8.83,4.735614484153719
2024-02-04,POWER,8.83,4.735614484153719
2024-02-04,POWER,3.95,4.514614226009873
2024-02-04,POWER,0.0,-1.247106103707006
2024-02-05,POWER,1.35,0.7353063326499838
2024-02-05,POWER,2.09,0.8026713878860527
2024-02-05,POWER,4.25,2.8505931230259245
2024-02-05,POWER,3.59,1.2145304611621963
2024-02-05,POWER,3.59,1.2145304611621963
2024-02-05,POWER,-0.43,-0.6147165405311589
2024-02-05,POWER,4.99,4.642543766777171
2024-02-05,POWER,-2.44,-0.5139979766188901
2024-02-05,POWER,1.69,1.8933235079448791
2024-02-05,POWER,7.88,3.916633227443367
2024-02-05,POWER,7.88,3.916633227443367
2024-02-05,POWER,5.79,3.8599548995214996
2024-02-05,POWER,-2.77,-2.0096503332007947
2024-02-06,POWER,2.58,0.7319008825310571
2024-02-06,POWER,1.72,0.40103483981726107
2024-02-06,POWER,1.87,2.6488678373703136
2024-02-06,POWER,1.24,0.8775620992333126
2024-02-06,POWER,1.24,0.8775620992333126
2024-02-06,POWER,-3.54,-1.1383451639269033
2024-02-06,POWER,2.39,4.484971116349036
2024-02-06,POWER,-4.02,-1.287502600405238
2024-02-06,POWER,-0.61,1.497021269507683
2024-02-06,POWER,6.04,3.481213919188624
2024-02-06,POWER,6.04,3.481213919188624
2024-02-06,POWER,2.84,3.350308939414837
2024-02-06,POWER,-4.98,-2.4324770246120897
2024-02-07,POWER,0.37,0.32188178370560105
2024-02-07,POWER,-1.88,0.09125232715165348
2024-02-07,POWER,-1.61,2.721755344669313
2024-02-07,POWER,0.26,1.1089963342805496
2024-02-07,POWER,0.26,1.1089963342805496
2024-02-07,POWER,-2.79,-1.8619381494572136
2024-02-07,POWER,0.95,4.470297825644239
2024-02-07,POWER,-2.38,-2.2401864936704414
2024-02-07,POWER,-0.25,1.6004179048336367
2024-02-07,POWER,8.05,4.3049506892023155
2024-02-07,POWER,8.05,4.3049506892023155
2024-02-07,POWER,2.86,4.155411915685519
2024-02-07,POWER,-2.95,-2.6422217994895765
2024-02-08,POWER,3.46,1.1620612057636206
2024-02-08,POWER,3.7,1.2376711378562963
2024-02-08,POWER,3.47,3.811638514132623
2024-02-08,POWER,3.07,1.7735169148922303
2024-02-08,POWER,3.07,1.7735169148922303
2024-02-08,POWER,2.32,-0.42806981556983714
2024-02-08,POWER,5.62,5.505836982646903
2024-02-08,POWER,2.34,-0.10637628400958371
2024-02-08,POWER,5.86,3.0762611910969695
2024-02-08,POWER,8.44,5.124912600783201
2024-02-08,POWER,8.44,5.124912600783201
2024-02-08,POWER,5.18,4.866535484965195
2024-02-08,POWER,3.41,-0.6192400198925533
2024-02-09,POWER,2.6,0.8751690865196198
2024-02-09,POWER,1.87,0.9126482354973818
2024-02-09,POWER,2.54,3.6740434505356148
2024-02-09,POWER,2.31,1.809550163981618
2024-02-09,POWER,2.31,1.809550163981618
2024-02-09,POWER,2.09,0.031711173431298034
2024-02-09,POWER,6.02,5.490192998885578
2024-02-09,POWER,2.76,0.14658269904526403
2024-02-09,POWER,6.11,2.9481768921462983
2024-02-09,POWER,7.3,5.313361227193101
2024-02-09,POWER,7.3,5.313361227193101
2024-02-09,POWER,3.36,4.705891354854685
2024-02-09,POWER,2.5,-0.5830703151607135
2024-02-10,POWER,-0.18,0.8111836069660442
2024-02-10,POWER,0.57,0.942635396068472
2024-02-10,POWER,1.33,3.605253986525157
2024-02-10,POWER,1.72,1.6526473232798642
2024-02-10,POWER,1.72,1.6526473232798642
2024-02-10,POWER,1.56,-0.12544154618100356
2024-02-10,POWER,5.25,5.342103201108429
2024-02-10,POWER,3.57,-0.04035965537113341
2024-02-10,POWER,5.42,2.8852009175081905
2024-02-10,POWER,7.02,5.08175180066983
2024-02-10,POWER,7.02,5.08175180066983
2024-02-10,POWER,4.1,4.527848578491333
2024-02-10,POWER,3.02,-0.7427151108993609
2024-02-11,POWER,1.72,0.6388504935289163
2024-02-11,POWER,2.0,0.756976219369342
2024-02-11,POWER,1.81,3.510582632953894
2024-02-11,POWER,1.77,1.4492894785363624
2024-02-11,POWER,1.77,1.4492894785363624
2024-02-11,POWER,3.32,-0.05116131790492915
2024-02-11,POWER,5.9,5.283887552404585
2024-02-11,POWER,3.31,0.04367287613795554
2024-02-11,POWER,5.54,2.9255686056388894
2024-02-11,POWER,7.43,5.190557002671743
2024-02-11,POWER,7.43,5.190557002671743
2024-02-11,POWER,3.97,4.593692374009562
2024-02-11,POWER,3.11,-0.6001266478096254
2024-02-12,POWER,0.94,0.49802136291396326
2024-02-12,POWER,1.51,0.47186055549029
2024-02-12,POWER,2.15,3.2696584073889357
2024-02-12,POWER,-0.05,1.27034627416364
2024-02-12,POWER,-0.05,1.27034627416364
2024-02-12,POWER,0.3,-0.4286661386979248
2024-02-12,POWER,5.04,5.174501996422402
2024-02-12,POWER,1.47,-0.34026542040098195
2024-02-12,POWER,5.51,2.6454220336304926
2024-02-12,POWER,7.3,4.827479477289901
2024-02-12,POWER,7.3,4.827479477289901
2024-02-12,POWER,3.63,4.395325172468323
2024-02-12,POWER,3.38,-0.8974333448469994
2024-02-13,POWER,3.19,0.7132352184876634
2024-02-13,POWER,-0.63,0.7284375462516129
2024-02-13,POWER,1.59,3.3185241701859014
2024-02-13,POWER,0.12,1.222245486764704
2024-02-13,POWER,0.12,1.222245486764704
2024-02-13,POWER,2.95,-0.3363130043219199
2024-02-13,POWER,6.52,4.9939157032964125
2024-02-13,POWER,4.31,-0.34541715877065254
2024-02-13,POWER,7.33,2.4750044858331917
2024-02-13,POWER,8.41,4.66544095523462
2024-02-13,POWER,8.41,4.66544095523462
2024-02-13,POWER,5.36,4.182276923914205
2024-02-13,POWER,2.48,-0.9991846315793467
2024-02-14,POWER,3.98,0.8100975188963724
2024-02-14,POWER,4.06,0.8037334730268602
2024-02-14,POWER,4.45,3.4908774906319855
2024-02-14,POWER,4.43,1.590261584012763
2024-02-14,POWER,4.43,1.590261584012763
2024-02-14,POWER,3.36,-0.12707735958790306
2024-02-14,POWER,7.59,5.295686565065029
2024-02-14,POWER,3.53,-0.174513127581832
2024-02-14,POWER,7.58,2.7238346364669552
2024-02-14,POWER,8.86,5.06817332073437
2024-02-14,POWER,8.86,5.06817332073437
2024-02-14,POWER,5.98,4.57973361796191
2024-02-14,POWER,3.54,-0.7273136930561778
2024-02-15,POWER,2.76,0.6840706846364487
2024-02-15,POWER,2.19,0.7814501467431871
2024-02-15,POWER,3.62,3.512899364399363
2024-02-15,POWER,2.81,1.4965601594640368
2024-02-15,POWER,2.81,1.4965601594640368
2024-02-15,POWER,2.51,0.0018908102704646114
2024-02-15,POWER,6.61,5.317916148996285
2024-02-15,POWER,3.94,0.022178406872264113
2024-02-15,POWER,7.22,2.918379803420705
2024-02-15,POWER,8.94,5.042017378596981
2024-02-15,POWER,8.94,5.042017378596981
2024-02-15,POWER,6.71,4.6420808961457665
2024-02-15,POWER,4.24,-0.6573175461486732
2024-02-16,POWER,4.14,0.7568243183615118
2024-02-16,POWER,5.29,0.7554851660979968
2024-02-16,POWER,5.07,3.451351824147364
2024-02-16,POWER,3.93,1.3707029583565618
2024-02-16,POWER,3.93,1.3707029583565618
2024-02-16,POWER,2.83,-0.21169099329007685
2024-02-16,POWER,8.62,4.685315312114254
2024-02-16,POWER,3.63,-0.16905501276473814
2024-02-16,POWER,7.28,2.6202322879360787
2024-02-16,POWER,8.84,4.794752777783942
2024-02-16,POWER,8.84,4.794752777783942
2024-02-16,POWER,6.64,4.514460871810973
2024-02-16,POWER,3.81,-0.8293637043746628
2024-02-17,POWER,2.55,0.34667261279767303
2024-02-17,POWER,2.82,0.3162634128503937
2024-02-17,POWER,3.24,3.049913945542418
2024-02-17,POWER,2.6,0.9801950656825514
2024-02-17,POWER,2.6,0.9801950656825514
2024-02-17,POWER,1.93,-0.7877428054189042
2024-02-17,POWER,5.87,4.498863096164295
2024-02-17,POWER,2.86,-1.02731592201345
2024-02-17,POWER,7.12,1.7979753128140288
2024-02-17,POWER,8.82,4.028804479348635
2024-02-17,POWER,8.82,4.028804479348635
2024-02-17,POWER,5.31,3.9152795226489974
2024-02-17,POWER,3.21,-1.6576276520065143
2024-02-18,POWER,0.97,0.1289893028379428
2024-02-18,POWER,1.61,0.47235448029541205
2024-02-18,POWER,2.31,3.000881969550006
2024-02-18,POWER,2.64,0.9267017405699368
2024-02-18,POWER,2.64,0.9267017405699368
2024-02-18,POWER,-0.1,-1.0398042794950069
2024-02-18,POWER,4.27,4.492087251931693
2024-02-18,POWER,0.58,-1.3840173911379783
2024-02-18,POWER,4.93,1.8257693913542006
2024-02-18,POWER,7.91,3.828807234486703
2024-02-18,POWER,7.91,3.828807234486703
2024-02-18,POWER,4.56,3.572927474213966
2024-02-18,POWER,0.64,-1.7079571145260022
2024-02-19,POWER,1.11,-0.08209822706482912
2024-02-19,POWER,-0.59,-0.10637074799681107
2024-02-19,POWER,-0.25,2.5784210378494103
2024-02-19,POWER,-0.94,0.6058133130033332
2024-02-19,POWER,-0.94,0.6058133130033332
2024-02-19,POWER,0.65,-1.1017245076727213
2024-02-19,POWER,4.45,4.539979079307716
2024-02-19,POWER,1.04,-0.9860246420693971
2024-02-19,POWER,5.1,2.0105491765200325
2024-02-19,POWER,7.02,4.032433416314087
2024-02-19,POWER,7.02,4.032433416314087
2024-02-19,POWER,4.99,3.637147670188125
2024-02-19,POWER,2.39,-1.6752482132858586
2024-02-20,POWER,2.29,0.20068398079312236
2024-02-20,POWER,1.65,0.29795814044560587
2024-02-20,POWER,1.49,2.749038731525553
2024-02-20,POWER,0.05,0.8898605949811043
2024-02-20,POWER,0.05,0.8898605949811043
2024-02-20,POWER,0.86,-0.7368078918742629
2024-02-20,POWER,6.06,4.536603228668333
2024-02-20,POWER,3.17,-0.8157232368096962
2024-02-20,POWER,6.24,1.8719187074693064
2024-02-20,POWER,7.99,3.962751539617779
2024-02-20,POWER,7.99,3.962751539617779
2024-02-20,POWER,4.29,3.795652648012108
2024-02-20,POWER,3.29,-1.8123600630395214
2024-02-21,POWER,3.71,0.3128076207722303
2024-02-21,POWER,2.26,0.36167219110896315
2024-02-21,POWER,3.81,2.880400745024409
2024-02-21,POWER,3.18,1.0380525753641854
2024-02-21,POWER,3.18,1.0380525753641854
2024-02-21,POWER,1.79,-0.9700517914326342
2024-02-21,POWER,6.51,4.545170405057305
2024-02-21,POWER,1.97,-1.051635054466162
2024-02-21,POWER,4.08,1.7475282950092768
2024-02-21,POWER,8.54,4.3023511466290305
2024-02-21,POWER,8.54,4.3023511466290305
2024-02-21,POWER,6.31,3.818494912517992
2024-02-21,POWER,1.41,-2.16128059673798
2024-02-22,POWER,3.06,0.0992266779778565
2024-02-22,POWER,1.45,0.19865191924711031
2024-02-22,POWER,2.4,2.582863580509081
2024-02-22,POWER,1.49,0.7449316388542307
2024-02-22,POWER,1.49,0.7449316388542307
2024-02-22,POWER,0.89,-0.9093432826703752
2024-02-22,POWER,4.1,4.417875916855417
2024-02-22,POWER,0.35,-0.9451922197978238
2024-02-22,POWER,2.79,1.815485716282975
2024-02-22,POWER,6.06,4.053665930973324
2024-02-22,POWER,6.06,4.053665930973324
2024-02-22,POWER,4.7,3.617457124254795
2024-02-22,POWER,0.3,-1.9734516137019151
2024-02-23,POWER,3.51,-0.10626066020334657
2024-02-23,POWER,1.71,-0.09532599967677743
2024-02-23,POWER,1.76,2.348474919742346
2024-02-23,POWER,1.74,0.5418006897777299
2024-02-23,POWER,1.74,0.5418006897777299
2024-02-23,POWER,2.46,-1.3972941656896671
2024-02-23,POWER,4.99,4.04768751728493
2024-02-23,POWER,1.82,-1.2781868124154474
2024-02-23,POWER,5.16,1.3522316131399998
2024-02-23,POWER,7.27,3.813293010897543
2024-02-23,POWER,7.27,3.813293010897543
2024-02-23,POWER,5.32,3.2337950234912993
2024-02-23,POWER,1.73,-2.0418592405324025
2024-02-24,POWER,0.57,-0.2566074837207802
2024-02-24,POWER,0.02,-0.31304343675741536
2024-02-24,POWER,1.75,2.450402809637897
2024-02-24,POWER,1.74,0.20764085269713084
2024-02-24,POWER,1.74,0.20764085269713084
2024-02-24,POWER,2.78,-1.671300328776607
2024-02-24,POWER,5.65,4.137212595981597
2024-02-24,POWER,1.84,-1.7565765292685638
2024-02-24,POWER,5.23,0.7347932540816214
2024-02-24,POWER,5.92,3.7554447094509347
2024-02-24,POWER,5.92,3.7554447094509347
2024-02-24,POWER,4.94,3.1833607202956213
2024-02-24,POWER,1.65,-2.6521776411521243
2024-02-25,POWER,0.74,-0.861335961483065
2024-02-25,POWER,0.52,-1.2212197205825028
2024-02-25,POWER,2.46,1.5043788212665428
2024-02-25,POWER,1.46,-0.3616332891035695
2024-02-25,POWER,1.46,-0.3616332891035695
2024-02-25,POWER,0.28,-2.469557507337768
2024-02-25,POWER,4.49,3.3917991086060417
2024-02-25,POWER,-0.9,-2.5917975917976075
2024-02-25,POWER,4.17,0.31604928300068863
2024-02-25,POWER,7.62,3.071186259322197
2024-02-25,POWER,7.62,3.071186259322197
2024-02-25,POWER,3.9,2.998467224085725
2024-02-25,POWER,-0.17,-3.4326700903279344
2024-02-26,POWER,2.95,-0.7890809414202958
2024-02-26,POWER,0.87,-0.7024302372987166
2024-02-26,POWER,-0.2,2.0538188808476243
2024-02-26,POWER,-0.07,0.09698553363961493
2024-02-26,POWER,-0.07,0.09698553363961493
2024-02-26,POWER,0.63,-1.8267389285177582
2024-02-26,POWER,3.73,3.600727966084923
2024-02-26,POWER,1.03,-1.9052265752897977
2024-02-26,POWER,3.83,0.5366729971633681
2024-02-26,POWER,8.3,3.158646164728382
2024-02-26,POWER,8.3,3.158646164728382
2024-02-26,POWER,4.48,3.1405368105248774
2024-02-26,POWER,0.29,-2.943285573799891
2024-02-27,POWER,1.71,-0.653964600959783
2024-02-27,POWER,2.12,-0.5877253496064714
2024-02-27,POWER,3.29,2.076333322458761
2024-02-27,POWER,1.9,0.18895542683348984
2024-02-27,POWER,1.9,0.18895542683348984
2024-02-27,POWER,0.98,-1.760436344044106
2024-02-27,POWER,6.18,3.7113690610668124
2024-02-27,POWER,1.62,-1.6376800585942204
2024-02-27,POWER,5.18,1.1221259126602898
2024-02-27,POWER,8.7,3.6161204834385177
2024-02-27,POWER,8.7,3.6161204834385177
2024-02-27,POWER,6.53,3.0219076470705084
2024-02-27,POWER,1.68,-2.3547154475855603
2024-02-28,POWER,3.39,-0.5702191646215918
2024-02-28,POWER,1.56,-0.7004157317008923
2024-02-28,POWER,0.89,1.8621386999661234
2024-02-28,POWER,0.29,-0.02655366319319262
2024-02-28,POWER,0.29,-0.02655366319319262
2024-02-28,POWER,1.07,-1.7536278110212167
2024-02-28,POWER,6.19,3.5088546304265775
2024-02-28,POWER,1.21,-1.7802768417065937
2024-02-28,POWER,4.44,0.8163505828484833
2024-02-28,POWER,6.91,3.13803173710672
2024-02-28,POWER,6.91,3.13803173710672
2024-02-28,POWER,5.31,2.7082761184193727
2024-02-28,POWER,1.38,-2.8277541098105536
2024-02-29,POWER,1.35,-0.9048587866084205
2024-02-29,POWER,0.36,-0.9323973008585013
2024-02-29,POWER,2.1,1.7589899374955378
2024-02-29,POWER,1.53,-0.1380249607529558
2024-02-29,POWER,1.53,-0.1380249607529558
2024-02-29,POWER,-0.36,-1.980037079495761
2024-02-29,POWER,3.28,3.5300044045924195
2024-02-29,POWER,-0.07,-2.102150890237227
2024-02-29,POWER,2.07,0.8960326776644578
2024-02-29,POWER,3.55,3.3247330530426504
2024-02-29,POWER,3.55,3.3247330530426504
2024-02-29,POWER,1.76,2.661985306705881
2024-02-29,POWER,-0.54,-2.979293458748269
2024-03-01,POWER,-4.53,-2.0536995507950815
2024-03-01,POWER,-5.21,-2.096665306038148
2024-03-01,POWER,-3.64,0.9052733735485883
2024-03-01,POWER,-4.95,-1.7793402065463355
2024-03-01,POWER,-4.95,-1.7793402065463355
2024-03-01,POWER,-3.88,-3.570996893970274
2024-03-01,POWER,-0.81,2.79269571915929
2024-03-01,POWER,-2.89,-3.2047766819758574
2024-03-01,POWER,0.01,0.4265604416250694
2024-03-01,POWER,2.43,2.394651735569677
2024-03-01,POWER,2.43,2.394651735569677
2024-03-01,POWER,-3.46,1.5502957993266044
2024-03-01,POWER,-3.97,-3.382102524615624
2024-03-02,POWER,-4.47,-2.729241327488457
2024-03-02,POWER,-5.77,-2.765432642653235
2024-03-02,POWER,-6.17,0.18969733428664404
2024-03-02,POWER,-5.76,-1.9391418568963243
2024-03-02,POWER,-5.76,-1.9391418568963243
2024-03-02,POWER,-6.54,-3.295878920841997
2024-03-02,POWER,-3.44,2.376668489701855
2024-03-02,POWER,-6.05,-3.8037304776522736
2024-03-02,POWER,-1.67,-0.2817241566847655
2024-03-02,POWER,1.48,1.8905424683989083
2024-03-02,POWER,1.48,1.8905424683989083
2024-03-02,POWER,-3.67,1.5354468370403838
2024-03-02,POWER,-5.4,-3.742304230088678
2024-03-03,POWER,-3.61,-1.9580477749521208
2024-03-03,POWER,-4.87,-1.9026779090784032
2024-03-03,POWER,-4.66,0.6834628270866225
2024-03-03,POWER,-4.21,-1.2429489576722075
2024-03-03,POWER,-4.21,-1.2429489576722075
2024-03-03,POWER,-5.18,-3.1394843779744828
2024-03-03,POWER,-2.56,2.5686190629471923
2024-03-03,POWER,-5.42,-3.1253445172778545
2024-03-03,POWER,-2.78,-0.056667277623095695
2024-03-03,POWER,1.93,2.399602970106047
2024-03-03,POWER,1.93,2.399602970106047
2024-03-03,POWER,-2.29,1.9354084638672386
2024-03-03,POWER,-4.11,-3.790013370309514
2024-03-04,POWER,-3.51,-1.6893199588641636
2024-03-04,POWER,-4.59,-1.7737627538305483
2024-03-04,POWER,-3.43,0.8404659672616213
2024-03-04,POWER,-3.69,-1.0110872828093485
2024-03-04,POWER,-3.69,-1.0110872828093485
2024-03-04,POWER,-4.76,-3.141864909285853
2024-03-04,POWER,-1.56,2.6789763684595416
2024-03-04,POWER,-4.54,-3.4723642223609517
2024-03-04,POWER,-1.28,0.2850722112369708
2024-03-04,POWER,3.16,2.6155489625576096
2024-03-04,POWER,3.16,2.6155489625576096
2024-03-04,POWER,-0.49,2.1054382848194066
2024-03-04,POWER,-2.55,-3.6013541940092253
2024-03-05,POWER,-2.52,-1.7340873448760161
2024-03-05,POWER,-4.2,-1.7454428040966437
2024-03-05,POWER,-3.03,0.79839931009831
2024-03-05,POWER,-3.9,-0.9515549299172525
2024-03-05,POWER,-3.9,-0.9515549299172525
2024-03-05,POWER,-4.3,-3.0056006365407977
2024-03-05,POWER,-1.22,2.7682322071925327
2024-03-05,POWER,-3.88,-3.0865093196519497
2024-03-05,POWER,-1.63,0.2953852963642677
2024-03-05,POWER,3.27,2.6389486432062186
2024-03-05,POWER,3.27,2.6389486432062186
2024-03-05,POWER,0.79,2.1038724335197525
2024-03-05,POWER,-3.47,-3.736397696413811
2024-03-06,POWER,-3.06,-1.8430200248042956
2024-03-06,POWER,-3.43,-1.8768617931160234
2024-03-06,POWER,-2.78,0.7189668307788163
2024-03-06,POWER,-3.31,-0.9681311008302845
2024-03-06,POWER,-3.31,-0.9681311008302845
2024-03-06,POWER,-4.11,-3.2571961219090375
2024-03-06,POWER,-0.16,2.509073754870328
2024-03-06,POWER,-3.43,-3.4193382091858706
2024-03-06,POWER,1.72,0.055447434039630324
2024-03-06,POWER,5.01,2.549887933869735
2024-03-06,POWER,5.01,2.549887933869735
2024-03-06,POWER,1.42,2.0811945551547466
2024-03-06,POWER,-1.48,-4.212626915317974
2024-03-07,POWER,-3.31,-2.0775564038857293
2024-03-07,POWER,-4.33,-2.0623074093749407
2024-03-07,POWER,-2.27,0.5255164444275033
2024-03-07,POWER,-3.13,-1.2967102910959203
2024-03-07,POWER,-3.13,-1.2967102910959203
2024-03-07,POWER,-2.87,-3.5115157257665706
2024-03-07,POWER,0.15,2.2328965205234934
2024-03-07,POWER,-2.54,-3.766114578484734
2024-03-07,POWER,0.99,-0.4600701709823723
2024-03-07,POWER,5.12,2.3455417092543347
2024-03-07,POWER,5.12,2.3455417092543347
2024-03-07,POWER,3.03,1.9626505470657833
2024-03-07,POWER,-0.01,-4.066731977020318
2024-03-08,POWER,-2.09,-1.9849063954331665
2024-03-08,POWER,-3.27,-2.0194810841774444
2024-03-08,POWER,-1.49,0.5151274704106296
2024-03-08,POWER,-2.52,-1.255001249184542
2024-03-08,POWER,-2.52,-1.255001249184542
2024-03-08,POWER,-3.57,-3.5576227417040927
2024-03-08,POWER,0.3,2.1375857554562296
2024-03-08,POWER,-3.43,-3.808142954183382
2024-03-08,POWER,-0.34,-0.6008180908806102
2024-03-08,POWER,5.32,1.9030143555275247
2024-03-08,POWER,5.32,1.9030143555275247
2024-03-08,POWER,2.22,1.4884753215961988
2024-03-08,POWER,-2.71,-4.570743506536435
2024-03-09,POWER,-0.67,-1.9441819641764044
2024-03-09,POWER,-0.47,-2.0867346798619404
2024-03-09,POWER,-0.11,0.47875846232996583
2024-03-09,POWER,-0.62,-1.271453175235294
2024-03-09,POWER,-0.62,-1.271453175235294
2024-03-09,POWER,-1.75,-3.557183470132146
2024-03-09,POWER,3.38,2.301450955520849
2024-03-09,POWER,-1.21,-4.010636502304843
2024-03-09,POWER,3.84,0.06659655861876643
2024-03-09,POWER,5.89,2.478079042620725
2024-03-09,POWER,5.89,2.478079042620725
2024-03-09,POWER,3.48,1.8524400426418233
2024-03-09,POWER,-0.64,-4.338665856641346
2024-03-10,POWER,-0.11,-1.9223455549874786
2024-03-10,POWER,0.08,-2.0990195590520715
2024-03-10,POWER,0.46,0.2631244278342166
2024-03-10,POWER,-0.27,-1.2264379200868147
2024-03-10,POWER,-0.27,-1.2264379200868147
2024-03-10,POWER,-1.95,-3.6987509921940416
2024-03-10,POWER,3.39,2.1373784736601036
2024-03-10,POWER,-0.98,-4.107381207534466
2024-03-10,POWER,4.58,-0.3945800447354025
2024-03-10,POWER,5.65,2.37253346697771
2024-03-10,POWER,5.65,2.37253346697771
2024-03-10,POWER,2.25,1.7488726334618563
2024-03-10,POWER,-0.35,-4.686699024162917
2024-03-11,POWER,-0.47,-1.9568316988463292
2024-03-11,POWER,-0.71,-2.0927083266246886
2024-03-11,POWER,0.55,0.397468875281647
2024-03-11,POWER,-0.32,-1.1984624451335322
2024-03-11,POWER,-0.32,-1.1984624451335322
2024-03-11,POWER,-1.79,-3.361927993319313
2024-03-11,POWER,3.13,2.215394642755419
2024-03-11,POWER,-1.85,-3.6689681244449366
2024-03-11,POWER,3.32,-0.10372152654314341
2024-03-11,POWER,5.27,2.4243809490542927
2024-03-11,POWER,5.27,2.4243809490542927
2024-03-11,POWER,2.43,1.746518788508657
2024-03-11,POWER,-0.65,-4.522784346255146
2024-03-12,POWER,-2.01,-2.391453398211493
2024-03-12,POWER,-1.22,-2.6523574296782777
2024-03-12,POWER,0.07,0.0013673153555895734
2024-03-12,POWER,-0.91,-1.5167953012388886
2024-03-12,POWER,-0.91,-1.5167953012388886
2024-03-12,POWER,-2.7,-3.515973330117134
2024-03-12,POWER,2.02,2.1242258351868486
2024-03-12,POWER,-3.16,-3.5494655011080867
2024-03-12,POWER,2.35,-0.7317504428004094
2024-03-12,POWER,5.28,1.9250380958600344
2024-03-12,POWER,5.28,1.9250380958600344
2024-03-12,POWER,1.49,1.4433971792145193
2024-03-12,POWER,-2.19,-4.570385642837043
2024-03-13,POWER,-2.53,-2.5361283981353737
2024-03-13,POWER,-3.49,-2.8100989882602114
2024-03-13,POWER,-1.43,-0.4202975820114811
2024-03-13,POWER,-2.13,-2.0135307393670208
2024-03-13,POWER,-2.13,-2.0135307393670208
2024-03-13,POWER,-3.18,-3.9459940472308612
2024-03-13,POWER,1.94,1.3994953412313629
2024-03-13,POWER,-3.28,-3.982651742879916
2024-03-13,POWER,0.17,-1.4234274942920444
2024-03-13,POWER,4.95,1.422707919486506
2024-03-13,POWER,4.95,1.422707919486506
2024-03-13,POWER,1.31,0.9787123497710832
2024-03-13,POWER,-3.57,-4.93532275754352
2024-03-14,POWER,-2.76,-2.63675214351571
2024-03-14,POWER,-3.61,-3.163172928818794
2024-03-14,POWER,-1.64,-0.5081873756386205
2024-03-14,POWER,-2.47,-2.173651617177617
2024-03-14,POWER,-2.47,-2.173651617177617
2024-03-14,POWER,-3.01,-4.195014327875809
2024-03-14,POWER,1.31,1.342625849569606
2024-03-14,POWER,-3.98,-4.172438541274474
2024-03-14,POWER,0.09,-1.3737159017892695
2024-03-14,POWER,5.16,0.8673253449592839
2024-03-14,POWER,5.16,0.8673253449592839
2024-03-14,POWER,-0.71,0.5111837705326671
2024-03-14,POWER,-4.75,-5.2541745634735975
2024-03-15,POWER,-1.87,-2.5005286772673685
2024-03-15,POWER,-3.39,-3.1972623371421527
2024-03-15,POWER,-1.98,-0.856115397844771
2024-03-15,POWER,-2.75,-2.5339560053734127
2024-03-15,POWER,-2.75,-2.5339560053734127
2024-03-15,POWER,-4.54,-4.835486070286332
2024-03-15,POWER,-0.54,1.0284075967884472
2024-03-15,POWER,-5.65,-4.852872813246232
2024-03-15,POWER,-2.45,-2.018186589128226
2024-03-15,POWER,3.29,0.1053477963744123
2024-03-15,POWER,3.29,0.1053477963744123
2024-03-15,POWER,-3.2,-0.2233862642563099
2024-03-15,POWER,-6.19,-6.082360667663591
2024-03-16,POWER,-0.26,-2.41907598167127
2024-03-16,POWER,-3.4,-3.0908096097631677
2024-03-16,POWER,-4.3,-0.7732817928356124
2024-03-16,POWER,-4.15,-2.5067857616856024
2024-03-16,POWER,-4.15,-2.5067857616856024
2024-03-16,POWER,-5.46,-5.115539644017433
2024-03-16,POWER,-2.23,1.043173574162679
2024-03-16,POWER,-6.1,-5.524517572281654
2024-03-16,POWER,-3.45,-2.3158531751058784
2024-03-16,POWER,2.99,0.23360477750020153
2024-03-16,POWER,2.99,0.23360477750020153
2024-03-16,POWER,-3.14,-0.3337002494060787
2024-03-16,POWER,-6.38,-6.629662935622388
2024-03-17,POWER,0.45,-2.1589312189453373
2024-03-17,POWER,0.49,-2.339684772150134
2024-03-17,POWER,-0.84,-0.213604153821107
2024-03-17,POWER,-1.23,-1.7929461970390583
2024-03-17,POWER,-1.23,-1.7929461970390583
2024-03-17,POWER,-4.04,-4.799411513032775
2024-03-17,POWER,0.92,0.9643960186040504
2024-03-17,POWER,-4.87,-5.136148953519986
2024-03-17,POWER,-1.92,-1.9341500403867924
2024-03-17,POWER,4.58,0.9847374356090364
2024-03-17,POWER,4.58,0.9847374356090364
2024-03-17,POWER,0.28,0.9389019477435846
2024-03-17,POWER,-5.46,-6.264811429422199
2024-03-18,POWER,-1.49,-2.238843592344888
2024-03-18,POWER,-0.92,-2.5283263294982463
2024-03-18,POWER,-1.32,0.01524741845365353
2024-03-18,POWER,-1.61,-1.762608708134097
2024-03-18,POWER,-1.61,-1.762608708134097
2024-03-18,POWER,-4.01,-3.74936822150101
2024-03-18,POWER,-0.14,1.5631372551739222
2024-03-18,POWER,-3.9,-4.352382070496377
2024-03-18,POWER,-1.63,-1.3421411215054997
2024-03-18,POWER,4.95,1.1629447078306054
2024-03-18,POWER,4.95,1.1629447078306054
2024-03-18,POWER,0.02,1.0063552403375293
2024-03-18,POWER,-3.5,-5.4129631389613495
2024-03-19,POWER,0.38,-2.10379033754958
2024-03-19,POWER,0.11,-2.2355575664746423
2024-03-19,POWER,0.57,0.1424638333139399
2024-03-19,POWER,-0.99,-1.6728013853908013
2024-03-19,POWER,-0.99,-1.6728013853908013
2024-03-19,POWER,-3.61,-3.7824782194633033
2024-03-19,POWER,1.78,1.4975836667777247
2024-03-19,POWER,-4.71,-3.8649843420737713
2024-03-19,POWER,-0.5,-1.372974400749087
2024-03-19,POWER,2.94,1.1192321125250053
2024-03-19,POWER,2.94,1.1192321125250053
2024-03-19,POWER,0.49,0.7206225466907589
2024-03-19,POWER,-4.58,-5.133063344060211
2024-03-20,POWER,-0.74,-2.395985638193589
2024-03-20,POWER,-0.14,-2.5068932444444445
2024-03-20,POWER,-2.73,-0.680386598255692
2024-03-20,POWER,-1.92,-2.1264044368326935
2024-03-20,POWER,-1.92,-2.1264044368326935
2024-03-20,POWER,-6.04,-4.686046379886155
2024-03-20,POWER,-2.01,1.0976300539126096
2024-03-20,POWER,-6.53,-4.990811035642075
2024-03-20,POWER,-3.62,-2.018849412224719
2024-03-20,POWER,1.43,0.08710198799598602
2024-03-20,POWER,1.43,0.08710198799598602
2024-03-20,POWER,-2.29,-0.5132907449325741
2024-03-20,POWER,-6.23,-6.369155187922199
2024-03-21,POWER,-2.38,-2.044379355773492
2024-03-21,POWER,-2.28,-2.0209600180683807
2024-03-21,POWER,-2.37,0.05895158198417492
2024-03-21,POWER,-2.84,-1.8398981566009545
2024-03-21,POWER,-2.84,-1.8398981566009545
2024-03-21,POWER,-5.56,-4.815859633050448
2024-03-21,POWER,-1.95,1.3257422489507495
2024-03-21,POWER,-4.55,-5.5111686827606965
2024-03-21,POWER,-3.33,-2.133202711236099
2024-03-21,POWER,3.31,0.3284074340277945
2024-03-21,POWER,3.31,0.3284074340277945
2024-03-21,POWER,-1.93,-0.22812900641714542
2024-03-21,POWER,-5.83,-6.509813027038035
2024-03-22,POWER,-0.59,-1.5576146063354581
2024-03-22,POWER,-0.57,-1.6998228853535213
2024-03-22,POWER,0.11,0.24520885867308423
2024-03-22,POWER,-0.44,-1.2192412314564414
2024-03-22,POWER,-0.44,-1.2192412314564414
2024-03-22,POWER,-4.72,-4.629389327051817
2024-03-22,POWER,-0.65,1.3987024508950059
2024-03-22,POWER,-4.84,-4.9553981372253615
2024-03-22,POWER,-2.64,-1.807100135553219
2024-03-22,POWER,3.87,0.9424124529827506
2024-03-22,POWER,3.87,0.9424124529827506
2024-03-22,POWER,0.71,0.7649795799530628
2024-03-22,POWER,-5.16,-6.12755447116664
2024-03-23,POWER,-1.17,-1.6762484198179521
2024-03-23,POWER,-1.37,-2.1103770141313403
2024-03-23,POWER,-1.05,-0.1279033253579044
2024-03-23,POWER,-2.86,-1.6591112900667517
2024-03-23,POWER,-2.86,-1.6591112900667517
2024-03-23,POWER,-3.94,-4.424428146296136
2024-03-23,POWER,-0.14,1.394721477288403
2024-03-23,POWER,-4.44,-4.617745783058152
2024-03-23,POWER,-1.22,-1.5009127603935883
2024-03-23,POWER,3.83,1.1179859723501555
2024-03-23,POWER,3.83,1.1179859723501555
2024-03-23,POWER,-1.15,0.29621021024092675
2024-03-23,POWER,-4.24,-5.6982149635956985
2024-03-24,POWER,-1.29,-1.527467332684412
2024-03-24,POWER,-1.97,-2.410904651797154
2024-03-24,POWER,-2.4,0.1113045389268426
2024-03-24,POWER,-3.2,-1.5646905192618406
2024-03-24,POWER,-3.2,-1.5646905192618406
2024-03-24,POWER,-4.94,-3.902467403820182
2024-03-24,POWER,-0.86,2.143209086722174
2024-03-24,POWER,-5.08,-4.093443286387559
2024-03-24,POWER,-2.35,-0.6902375756998609
2024-03-24,POWER,3.11,1.5867654968830904
2024-03-24,POWER,3.11,1.5867654968830904
2024-03-24,POWER,-2.08,0.9666842493876494
2024-03-24,POWER,-4.98,-4.935654091120459
2024-03-25,POWER,-3.17,-1.290848186668424
2024-03-25,POWER,-2.74,-1.4477183608163622
2024-03-25,POWER,-1.84,1.0432785612401816
2024-03-25,POWER,-2.01,-0.6562107344937299
2024-03-25,POWER,-2.01,-0.6562107344937299
2024-03-25,POWER,-3.31,-2.9235741839926437
2024-03-25,POWER,0.85,3.047285626523499
2024-03-25,POWER,-2.22,-2.7134024316530376
2024-03-25,POWER,1.8,0.7249556095796635
2024-03-25,POWER,3.03,3.1609419495855935
2024-03-25,POWER,3.03,3.1609419495855935
2024-03-25,POWER,-0.8,2.5084394680976567
2024-03-25,POWER,-1.66,-3.0886835988280796
2024-03-26,POWER,-3.18,-1.5587068641431674
2024-03-26,POWER,-3.66,-1.8273595478601719
2024-03-26,POWER,-2.18,0.8903717925785416
2024-03-26,POWER,-3.07,-0.8473082626676519
2024-03-26,POWER,-3.07,-0.8473082626676519
2024-03-26,POWER,-4.34,-2.9511550519494407
2024-03-26,POWER,-0.26,2.738241865390315
2024-03-26,POWER,-3.45,-3.1810909933729112
2024-03-26,POWER,-0.57,0.0746991940236846
2024-03-26,POWER,3.45,2.429182566856716
2024-03-26,POWER,3.45,2.429182566856716
2024-03-26,POWER,-0.55,1.9331377665174927
2024-03-26,POWER,-3.48,-3.844404455785932
2024-03-27,POWER,-2.17,-1.2371787139176267
2024-03-27,POWER,-1.71,-1.896795260677865
2024-03-27,POWER,-1.68,0.8059352426299929
2024-03-27,POWER,-2.37,-0.6366381102831651
2024-03-27,POWER,-2.37,-0.6366381102831651
2024-03-27,POWER,-3.73,-2.992190229774638
2024-03-27,POWER,0.7,2.8875498196882448
2024-03-27,POWER,-3.7,-3.299480514335178
2024-03-27,POWER,-0.73,-0.15762419857360682
2024-03-27,POWER,5.08,2.4536258489686773
2024-03-27,POWER,5.08,2.4536258489686773
2024-03-27,POWER,-0.85,1.8177923701128773
2024-03-27,POWER,-4.11,-4.024523844153267
2024-03-28,POWER,-2.6,-0.6939942066886514
2024-03-28,POWER,-3.66,-0.7684682041942138
2024-03-28,POWER,-2.13,1.6389513584051723
2024-03-28,POWER,-3.07,-0.08404934363221016
2024-03-28,POWER,-3.07,-0.08404934363221016
2024-03-28,POWER,-3.87,-2.4297957170906987
2024-03-28,POWER,1.06,3.3814072901621506
2024-03-28,POWER,-3.71,-2.594861044474505
2024-03-28,POWER,0.74,0.8321602361775002
2024-03-28,POWER,4.6,3.653708407173836
2024-03-28,POWER,4.6,3.653708407173836
2024-03-28,POWER,-0.03,2.939810272839184
2024-03-28,POWER,-0.65,-3.025909626537766
2024-03-29,POWER,-2.47,-0.5604935883151803
2024-03-29,POWER,-2.43,-0.6537813272741877
2024-03-29,POWER,-1.26,2.145134814756153
2024-03-29,POWER,-2.27,0.2767748759401136
2024-03-29,POWER,-2.27,0.2767748759401136
2024-03-29,POWER,-3.7,-1.664895790694581
2024-03-29,POWER,1.29,4.0852322922179996
2024-03-29,POWER,-2.38,-1.5659095617520864
2024-03-29,POWER,2.67,1.4688639932817311
2024-03-29,POWER,4.55,3.944825591223095
2024-03-29,POWER,4.55,3.944825591223095
2024-03-29,POWER,-0.45,3.3272249535397225
2024-03-29,POWER,-1.14,-2.063610558083712
2024-03-30,POWER,-3.1,-0.2743468256046229
2024-03-30,POWER,-3.78,-0.4424512419853608
2024-03-30,POWER,-2.27,2.115012265429497
2024-03-30,POWER,-3.31,0.4018740612969447
2024-03-30,POWER,-3.31,0.4018740612969447
2024-03-30,POWER,-3.88,-1.6649116741629073
2024-03-30,POWER,0.59,4.149440091150636
2024-03-30,POWER,-0.1,-1.4210855908076108
2024-03-30,POWER,2.37,1.7129358579402156
2024-03-30,POWER,3.96,4.086110453830144
2024-03-30,POWER,3.96,4.086110453830144
2024-03-30,POWER,0.81,3.5521742090080592
2024-03-30,POWER,-1.2,-1.9605984703693156
2024-03-31,POWER,-1.73,-0.175485708259856
2024-03-31,POWER,-2.38,-0.2989037754112966
2024-03-31,POWER,-1.24,2.471671802899883
2024-03-31,POWER,-1.67,0.6610777513218802
2024-03-31,POWER,-1.67,0.6610777513218802
2024-03-31,POWER,-2.86,-1.7368957801225882
2024-03-31,POWER,1.44,4.5180318659419605
2024-03-31,POWER,0.16,-1.5290941085291374
2024-03-31,POWER,3.8,1.9187149014247589
2024-03-31,POWER,5.29,4.239754827746769
2024-03-31,POWER,5.29,4.239754827746769
2024-03-31,POWER,2.37,3.7694378914272626
2024-03-31,POWER,0.3,-1.8467307025770916
2024-04-01,POWER,1.36,0.05634193424944912
2024-04-01,POWER,1.88,-0.24398338335943914
2024-04-01,POWER,4.2,2.2161316924077146
2024-04-01,POWER,2.92,0.8374993304853618
2024-04-01,POWER,2.92,0.8374993304853618
2024-04-01,POWER,0.97,-1.7918393907183925
2024-04-01,POWER,7.59,3.879826102083661
2024-04-01,POWER,0.26,-1.8131736749270466
2024-04-01,POWER,5.25,1.5750715064114464
2024-04-01,POWER,8.14,4.298782283757474
2024-04-01,POWER,8.14,4.298782283757474
2024-04-01,POWER,2.87,3.909981259254194
2024-04-01,POWER,0.2,-2.104417718331758
2024-04-02,POWER,3.05,0.5033931084277429
2024-04-02,POWER,2.97,0.39144951125073596
2024-04-02,POWER,4.8,2.8648785152024328
2024-04-02,POWER,1.79,1.1172549641662277
2024-04-02,POWER,1.79,1.1172549641662277
2024-04-02,POWER,3.08,-0.8459854799458564
2024-04-02,POWER,6.79,4.7240018156194505
2024-04-02,POWER,3.96,-0.7722360228880429
2024-04-02,POWER,6.15,2.362227996652175
2024-04-02,POWER,6.84,4.877190712414853
2024-04-02,POWER,6.84,4.877190712414853
2024-04-02,POWER,4.95,4.092584596960297
2024-04-02,POWER,3.63,-1.248896586105956
2024-04-03,POWER,2.73,0.975647759206193
2024-04-03,POWER,3.74,0.8194325510220429
2024-04-03,POWER,5.32,3.342456212827151
2024-04-03,POWER,3.95,1.5503897069425696
2024-04-03,POWER,3.95,1.5503897069425696
2024-04-03,POWER,2.46,-0.0876138248991426
2024-04-03,POWER,7.06,5.12604211833321
2024-04-03,POWER,4.53,-0.21176010023522263
2024-04-03,POWER,6.54,2.7725321898436146
2024-04-03,POWER,7.52,5.2092247238695615
2024-04-03,POWER,7.52,5.2092247238695615
2024-04-03,POWER,3.42,4.600721610421143
2024-04-03,POWER,3.94,-1.0696504151675708
2024-04-04,POWER,1.72,1.001781582480117
2024-04-04,POWER,2.33,0.9309851055992291
2024-04-04,POWER,4.04,3.3581634670797067
2024-04-04,POWER,3.01,1.607293614320707
2024-04-04,POWER,3.01,1.607293614320707
2024-04-04,POWER,1.6,-0.1188569512461456
2024-04-04,POWER,4.99,5.165217221775356
2024-04-04,POWER,2.24,-0.5273520752770875
2024-04-04,POWER,3.68,2.5966926773189725
2024-04-04,POWER,5.66,5.35547088311939
2024-04-04,POWER,5.66,5.35547088311939
2024-04-04,POWER,3.17,4.635262955489544
2024-04-04,POWER,1.1,-1.0375395351580097
2024-04-05,POWER,2.34,0.6725943097012159
2024-04-05,POWER,1.7,0.5828667712155059
2024-04-05,POWER,4.86,2.8649943182760915
2024-04-05,POWER,3.16,1.4985573268476329
2024-04-05,POWER,3.16,1.4985573268476329
2024-04-05,POWER,1.49,-0.8604209626644335
2024-04-05,POWER,7.26,4.561740615417194
2024-04-05,POWER,0.44,-0.7888064248955224
2024-04-05,POWER,5.24,1.72834530977307
2024-04-05,POWER,8.6,4.450913110749355
2024-04-05,POWER,8.6,4.450913110749355
2024-04-05,POWER,4.36,3.813979923792056
2024-04-05,POWER,0.6,-2.0918055582172754
2024-04-06,POWER,0.08,0.14789222958228518
2024-04-06,POWER,0.24,-0.018443977761243558
2024-04-06,POWER,1.53,2.2790418221801603
2024-04-06,POWER,3.26,1.094067698703253
2024-04-06,POWER,3.26,1.094067698703253
2024-04-06,POWER,-3.67,-1.8906827848848609
2024-04-06,POWER,3.29,4.018793358361504
2024-04-06,POWER,-4.41,-1.974970311938981
2024-04-06,POWER,0.51,1.1792268684998508
2024-04-06,POWER,6.23,3.524630162591663
2024-04-06,POWER,6.23,3.524630162591663
2024-04-06,POWER,0.18,3.1465096955694483
2024-04-06,POWER,-3.57,-2.711466494567364
2024-04-07,POWER,0.25,0.8187865329001809
2024-04-07,POWER,-1.09,0.37290756096720085
2024-04-07,POWER,0.6,2.74440985858224
2024-04-07,POWER,0.81,1.4988365294135375
2024-04-07,POWER,0.81,1.4988365294135375
2024-04-07,POWER,-2.61,-1.584552777257954
2024-04-07,POWER,4.1,4.439700752225512
2024-04-07,POWER,-3.31,-1.6774061163740337
2024-04-07,POWER,1.5,1.6070668751872004
2024-04-07,POWER,6.95,4.478638289209017
2024-04-07,POWER,6.95,4.478638289209017
2024-04-07,POWER,2.2,3.8764412058854116
2024-04-07,POWER,-3.31,-2.3837928774209107
2024-04-08,POWER,2.87,1.1240620850461238
2024-04-08,POWER,2.65,1.0916177522214023
2024-04-08,POWER,5.44,3.636248109114022
2024-04-08,POWER,3.93,1.9017445373161144
2024-04-08,POWER,3.93,1.9017445373161144
2024-04-08,POWER,3.76,-0.0884809003038482
2024-04-08,POWER,8.79,5.53917848655717
2024-04-08,POWER,1.94,-0.3573211786205747
2024-04-08,POWER,7.54,2.8213543063985003
2024-04-08,POWER,9.04,5.45252102334443
2024-04-08,POWER,9.04,5.45252102334443
2024-04-08,POWER,6.35,4.828520696983701
2024-04-08,POWER,2.72,-0.8229158874070478
2024-04-09,POWER,1.16,1.4000948394868757
2024-04-09,POWER,1.75,1.361758994266703
2024-04-09,POWER,3.26,4.033859306607549
2024-04-09,POWER,3.58,2.2193426235563622
2024-04-09,POWER,3.58,2.2193426235563622
2024-04-09,POWER,0.69,-0.23849709614877923
2024-04-09,POWER,6.86,6.036091489968319
2024-04-09,POWER,-1.34,-0.5530971190011317
2024-04-09,POWER,5.65,2.968714050090379
2024-04-09,POWER,8.1,5.7732416486328475
2024-04-09,POWER,8.1,5.7732416486328475
2024-04-09,POWER,6.1,5.202285407937681
2024-04-09,POWER,-0.35,-1.019793188356942
2024-04-10,POWER,1.44,1.8793551689288448
2024-04-10,POWER,3.19,1.6563310124837298
2024-04-10,POWER,4.1,4.230228336034117
2024-04-10,POWER,4.53,2.5237088977323086
2024-04-10,POWER,4.53,2.5237088977323086
2024-04-10,POWER,3.65,0.4989438843471524
2024-04-10,POWER,7.45,5.97889058060164
2024-04-10,POWER,3.54,0.381942621417752
2024-04-10,POWER,7.5,3.442818705266376
2024-04-10,POWER,8.89,5.946791110772527
2024-04-10,POWER,8.89,5.946791110772527
2024-04-10,POWER,6.28,5.3821958060480615
2024-04-10,POWER,3.9,-0.18524998765071055
2024-04-11,POWER,1.61,1.7552486130107445
2024-04-11,POWER,1.78,1.6474585167014886
2024-04-11,POWER,2.51,4.093266508935424
2024-04-11,POWER,3.16,2.6059608870498048
2024-04-11,POWER,3.16,2.6059608870498048
2024-04-11,POWER,1.41,-0.024950955068429852
2024-04-11,POWER,7.74,5.883638624895625
2024-04-11,POWER,0.45,-0.17601932484414876
2024-04-11,POWER,6.18,2.7822469670896863
2024-04-11,POWER,5.58,5.845722684316396
2024-04-11,POWER,5.58,5.845722684316396
2024-04-11,POWER,2.93,5.269687805430121
2024-04-11,POWER,1.03,-1.2344183994496996
2024-04-12,POWER,1.05,1.420376400653052
2024-04-12,POWER,2.29,1.3747481713760759
2024-04-12,POWER,4.24,3.824443639458118
2024-04-12,POWER,3.82,2.4869167139746167
2024-04-12,POWER,3.82,2.4869167139746167
2024-04-12,POWER,-2.18,-0.6785691914898366
2024-04-12,POWER,6.02,5.513847005259624
2024-04-12,POWER,-2.56,-0.6883952903444929
2024-04-12,POWER,4.25,2.4172189996841
2024-04-12,POWER,7.62,5.694026853623676
2024-04-12,POWER,7.62,5.694026853623676
2024-04-12,POWER,3.32,4.717388441362323
2024-04-12,POWER,-1.5,-1.8911296236975905
2024-04-13,POWER,1.47,1.6654418166872802
2024-04-13,POWER,2.86,1.3983167439314648
2024-04-13,POWER,5.56,3.7958687852353696
2024-04-13,POWER,3.96,2.509691756983022
2024-04-13,POWER,3.96,2.509691756983022
2024-04-13,POWER,0.31,0.08459333233694119
2024-04-13,POWER,6.35,5.845937115875668
2024-04-13,POWER,-0.92,-0.11179677925136322
2024-04-13,POWER,4.5,3.5032679279130003
2024-04-13,POWER,7.51,6.242077952412011
2024-04-13,POWER,7.51,6.242077952412011
2024-04-13,POWER,5.24,5.2519381664602705
2024-04-13,POWER,-0.34,-0.8424851463480564
2024-04-14,POWER,-0.2,1.9249206592649655
2024-04-14,POWER,0.39,1.5367035940099087
2024-04-14,POWER,2.71,4.108291846304297
2024-04-14,POWER,2.68,2.456286159345695
2024-04-14,POWER,2.68,2.456286159345695
2024-04-14,POWER,1.16,0.6215233463972023
2024-04-14,POWER,6.43,6.096270404231301
2024-04-14,POWER,2.29,0.5857062461682547
2024-04-14,POWER,5.52,3.745722828416483
2024-04-14,POWER,6.2,6.198645310496332
2024-04-14,POWER,6.2,6.198645310496332
2024-04-14,POWER,4.97,5.509292710795372
2024-04-14,POWER,2.51,0.07599757921953063
2024-04-15,POWER,2.2,1.8927291467373164
2024-04-15,POWER,2.01,1.7108935791592073
2024-04-15,POWER,6.19,4.360115453253211
2024-04-15,POWER,5.22,2.706239079703655
2024-04-15,POWER,5.22,2.706239079703655
2024-04-15,POWER,4.59,0.7287162978984086
2024-04-15,POWER,7.16,6.331306568571002
2024-04-15,POWER,4.87,0.5573901541763083
2024-04-15,POWER,6.17,3.7692443662608
2024-04-15,POWER,7.3,6.2913224506138175
2024-04-15,POWER,7.3,6.2913224506138175
2024-04-15,POWER,6.24,5.582224100025447
2024-04-15,POWER,3.75,0.15552640554135383
2024-04-16,POWER,2.14,2.0043986625369876
2024-04-16,POWER,2.57,1.708038215808989
2024-04-16,POWER,5.62,4.183927888619815
2024-04-16,POWER,3.69,2.147853899438894
2024-04-16,POWER,3.69,2.147853899438894
2024-04-16,POWER,3.92,0.4907845310345628
2024-04-16,POWER,8.72,5.78710956280771
2024-04-16,POWER,2.8,0.7361680911017754
2024-04-16,POWER,7.43,3.4552680083772223
2024-04-16,POWER,8.43,6.066085533835502
2024-04-16,POWER,8.43,6.066085533835502
2024-04-16,POWER,7.12,5.335440847994018
2024-04-16,POWER,3.85,0.10912253535636122
2024-04-17,POWER,2.2,1.7470653514266634
2024-04-17,POWER,2.56,1.7394612547054817
2024-04-17,POWER,3.17,4.126798964942812
2024-04-17,POWER,3.01,2.251802882920744
2024-04-17,POWER,3.01,2.251802882920744
2024-04-17,POWER,4.55,0.5699948159211407
2024-04-17,POWER,8.04,5.701509618915407
2024-04-17,POWER,2.77,0.7501558480341676
2024-04-17,POWER,7.17,3.5072306746780915
2024-04-17,POWER,7.77,6.049625253693921
2024-04-17,POWER,7.77,6.049625253693921
2024-04-17,POWER,5.08,5.3303852989423275
2024-04-17,POWER,4.05,0.018376676865929968
2024-04-18,POWER,0.43,1.9025509353813241
2024-04-18,POWER,1.15,1.8127049620084754
2024-04-18,POWER,2.12,4.318663022471009
2024-04-18,POWER,3.59,2.445999611253176
2024-04-18,POWER,3.59,2.445999611253176
2024-04-18,POWER,3.71,0.683220736150078
2024-04-18,POWER,6.99,6.082645444884795
2024-04-18,POWER,3.59,0.6688646262249307
2024-04-18,POWER,6.22,3.6025323194287555
2024-04-18,POWER,7.45,6.111188067601898
2024-04-18,POWER,7.45,6.111188067601898
2024-04-18,POWER,5.34,5.301495866244472
2024-04-18,POWER,2.56,-0.08788376812704796
2024-04-19,POWER,0.93,1.7332750679647408
2024-04-19,POWER,1.88,1.617354511559463
2024-04-19,POWER,3.14,4.150473450571744
2024-04-19,POWER,2.69,2.205996719754116
2024-04-19,POWER,2.69,2.205996719754116
2024-04-19,POWER,3.29,0.38647741368317223
2024-04-19,POWER,7.02,5.884348068337561
2024-04-19,POWER,4.33,0.4699661716901216
2024-04-19,POWER,7.03,3.3849634923280125
2024-04-19,POWER,7.42,5.915142376680836
2024-04-19,POWER,7.42,5.915142376680836
2024-04-19,POWER,4.82,5.171179033049613
2024-04-19,POWER,3.91,0.00985007996223212
2024-04-20,POWER,2.07,1.5796397476718052
2024-04-20,POWER,2.12,1.6614956314448788
2024-04-20,POWER,4.59,4.053925804827624
2024-04-20,POWER,2.64,2.170987264911038
2024-04-20,POWER,2.64,2.170987264911038
2024-04-20,POWER,3.2,0.4422075387350659
2024-04-20,POWER,5.48,5.883508222600622
2024-04-20,POWER,2.57,0.5061724282965234
2024-04-20,POWER,3.4,3.5774728491842755
2024-04-20,POWER,7.24,5.948180479314188
2024-04-20,POWER,7.24,5.948180479314188
2024-04-20,POWER,5.76,5.099525802647012
2024-04-20,POWER,2.23,0.034767799643976915
2024-04-21,POWER,1.21,1.830164918533679
2024-04-21,POWER,1.24,1.6837314945072364
2024-04-21,POWER,2.8,4.140609805805627
2024-04-21,POWER,2.11,2.5163786771972174
2024-04-21,POWER,2.11,2.5163786771972174
2024-04-21,POWER,1.29,0.1754533184823434
2024-04-21,POWER,4.68,5.82615169598456
2024-04-21,POWER,0.93,-0.0733138429365771
2024-04-21,POWER,3.4,3.277929703876863
2024-04-21,POWER,6.4,5.989836085021622
2024-04-21,POWER,6.4,5.989836085021622
2024-04-21,POWER,5.18,5.158586757166384
2024-04-21,POWER,0.46,-0.26971724243797646
2024-04-22,POWER,-0.66,1.618894475508582
2024-04-22,POWER,-1.61,1.830127163446345
2024-04-22,POWER,0.69,4.5276186606179145
2024-04-22,POWER,1.65,2.6196069671359883
2024-04-22,POWER,1.65,2.6196069671359883
2024-04-22,POWER,0.02,0.15219591142423813
2024-04-22,POWER,2.5,6.325223387753112
2024-04-22,POWER,0.35,-0.06562029662307357
2024-04-22,POWER,2.18,3.4934953377371967
2024-04-22,POWER,2.71,6.259970526644732
2024-04-22,POWER,2.71,6.259970526644732
2024-04-22,POWER,2.44,5.477097704033771
2024-04-22,POWER,0.95,-0.3077913663190721
2024-04-23,POWER,0.08,1.861546978553656
2024-04-23,POWER,-0.61,1.8931896179653067
2024-04-23,POWER,1.67,4.405019469759828
2024-04-23,POWER,2.58,2.551997312779853
2024-04-23,POWER,2.58,2.551997312779853
2024-04-23,POWER,2.7,0.5938456649280892
2024-04-23,POWER,5.44,6.210489401330196
2024-04-23,POWER,2.48,-0.03672546934539908
2024-04-23,POWER,4.16,3.757222037712023
2024-04-23,POWER,5.05,6.212185998457598
2024-04-23,POWER,5.05,6.212185998457598
2024-04-23,POWER,4.31,5.548252484163004
2024-04-23,POWER,3.5,-0.03139414763396936
2024-04-24,POWER,-0.15,1.7634624395939607
2024-04-24,POWER,0.17,1.606205706269063
2024-04-24,POWER,1.48,4.054426705191866
2024-04-24,POWER,1.23,2.433495718365141
2024-04-24,POWER,1.23,2.433495718365141
2024-04-24,POWER,1.06,0.05524546492964823
2024-04-24,POWER,2.82,6.099472550068177
2024-04-24,POWER,1.98,-0.1620846433010172
2024-04-24,POWER,2.85,3.5545158693253356
2024-04-24,POWER,3.35,6.3140959930944005
2024-04-24,POWER,3.35,6.3140959930944005
2024-04-24,POWER,2.34,5.586532479680683
2024-04-24,POWER,1.88,-0.46923363781005817
2024-04-25,POWER,2.44,2.071128533578307
2024-04-25,POWER,2.05,1.9777075669436979
2024-04-25,POWER,5.69,4.284999923222254
2024-04-25,POWER,3.06,2.7817673633180435
2024-04-25,POWER,3.06,2.7817673633180435
2024-04-25,POWER,1.52,0.48752115850463884
2024-04-25,POWER,8.4,6.252655471145617
2024-04-25,POWER,1.0,0.3534410090359136
2024-04-25,POWER,6.07,3.711723360196069
2024-04-25,POWER,7.95,6.389205453117365
2024-04-25,POWER,7.95,6.389205453117365
2024-04-25,POWER,3.38,5.641636537156163
2024-04-25,POWER,3.43,-0.06180073449367668
2024-04-26,POWER,2.95,2.201841620375953
2024-04-26,POWER,3.32,2.034728720617908
2024-04-26,POWER,4.25,4.732858958929751
2024-04-26,POWER,4.71,2.8110817981097322
2024-04-26,POWER,4.71,2.8110817981097322
2024-04-26,POWER,1.8,1.1755469781588497
2024-04-26,POWER,8.5,6.634679071664326
2024-04-26,POWER,1.66,0.9578620492453798
2024-04-26,POWER,6.03,4.185801516480296
2024-04-26,POWER,7.81,6.535948291682963
2024-04-26,POWER,7.81,6.535948291682963
2024-04-26,POWER,3.94,5.876181781459772
2024-04-26,POWER,2.11,0.056032928562040604
2024-04-27,POWER,0.93,2.393498490905381
2024-04-27,POWER,2.31,2.30684757819895
2024-04-27,POWER,1.56,5.0493238353653975
2024-04-27,POWER,2.14,3.1041034317632725
2024-04-27,POWER,2.14,3.1041034317632725
2024-04-27,POWER,2.58,1.557777616809245
2024-04-27,POWER,5.77,6.8765359402602
2024-04-27,POWER,3.92,1.5230002316547944
2024-04-27,POWER,5.78,4.465660067750969
2024-04-27,POWER,6.8,6.747523517822552
2024-04-27,POWER,6.8,6.747523517822552
2024-04-27,POWER,5.57,6.0763809755352085
2024-04-27,POWER,2.68,0.8689466993344933
2024-04-28,POWER,2.0,2.5877616373211842
2024-04-28,POWER,1.07,2.644449943530884
2024-04-28,POWER,1.97,5.336389889525854
2024-04-28,POWER,1.14,3.3834810130648427
2024-04-28,POWER,1.14,3.3834810130648427
2024-04-28,POWER,2.35,1.6903273502744807
2024-04-28,POWER,6.45,7.1471140204450885
2024-04-28,POWER,3.27,1.6680573732786512
2024-04-28,POWER,5.27,4.677134333380707
2024-04-28,POWER,6.49,7.0812573815416515
2024-04-28,POWER,6.49,7.0812573815416515
2024-04-28,POWER,4.27,6.3589064735736045
2024-04-28,POWER,2.65,1.1394129232677181
2024-04-29,POWER,1.58,2.924939389459913
2024-04-29,POWER,1.76,2.9611295862116855
2024-04-29,POWER,3.62,5.533182813000107
2024-04-29,POWER,3.16,3.653297165436534
2024-04-29,POWER,3.16,3.653297165436534
2024-04-29,POWER,3.11,2.058955973515606
2024-04-29,POWER,7.58,7.29470861384892
2024-04-29,POWER,4.44,1.9174563229078823
2024-04-29,POWER,5.75,4.969731950707077
2024-04-29,POWER,6.55,7.286380576968104
2024-04-29,POWER,6.55,7.286380576968104
2024-04-29,POWER,4.5,6.502483821743218
2024-04-29,POWER,2.74,1.2782042196311172
2024-04-30,POWER,1.27,3.2722831909788854
2024-04-30,POWER,0.18,3.327415958428583
2024-04-30,POWER,2.15,5.900224906834314
2024-04-30,POWER,1.89,3.9628929756217537
2024-04-30,POWER,1.89,3.9628929756217537
2024-04-30,POWER,2.06,2.1517358907936988
2024-04-30,POWER,6.68,7.6637164188055396
2024-04-30,POWER,4.22,1.9671078256970556
2024-04-30,POWER,6.26,5.2940943938186455
2024-04-30,POWER,7.3,7.555435856849297
2024-04-30,POWER,7.3,7.555435856849297
2024-04-30,POWER,5.36,6.854913301672562
2024-04-30,POWER,3.92,1.5624122128005509
2025-01-01,POWER,1.99,1.8893923967645068
2025-01-01,POWER,2.73,1.6104674673511412
2025-01-01,POWER,4.18,3.995928257311213
2025-01-01,POWER,1.35,2.287874158906305
2025-01-01,POWER,1.35,2.287874158906305
2025-01-01,POWER,3.31,0.4422378573295217
2025-01-01,POWER,7.5,5.8437314983144075
2025-01-01,POWER,4.49,0.4703228851082586
2025-01-01,POWER,6.85,3.575401235016617
2025-01-01,POWER,8.1,6.053960669750151
2025-01-01,POWER,8.1,6.053960669750151
2025-01-01,POWER,6.33,5.451154844523741
2025-01-01,POWER,4.58,-0.062015797703582044
2025-01-02,POWER,1.83,1.7752168786868816
2025-01-02,POWER,2.51,1.7229298489259213
2025-01-02,POWER,4.4,4.206182557748226
2025-01-02,POWER,2.59,2.287259623204846
2025-01-02,POWER,2.59,2.287259623204846
2025-01-02,POWER,3.33,0.6817638643179508
2025-01-02,POWER,6.97,6.158298154665151
2025-01-02,POWER,4.03,0.7689004433088319
2025-01-02,POWER,5.85,3.844807299499391
2025-01-02,POWER,7.56,6.196147138540806
2025-01-02,POWER,7.56,6.196147138540806
2025-01-02,POWER,5.1,5.420253653143231
2025-01-02,POWER,3.96,0.12919883826143388
2025-01-03,POWER,0.2,1.7679960153136653
2025-01-03,POWER,2.67,1.7056787170771575
2025-01-03,POWER,2.34,4.3883097333016154
2025-01-03,POWER,0.2,2.0847172734045
2025-01-03,POWER,0.2,2.0847172734045
2025-01-03,POWER,2.33,0.900011544079935
2025-01-03,POWER,4.91,6.03973106458615
2025-01-03,POWER,3.07,0.7390468069679689
2025-01-03,POWER,4.63,3.600804182766309
2025-01-03,POWER,7.36,6.100876658448445
2025-01-03,POWER,7.36,6.100876658448445
2025-01-03,POWER,5.47,5.3154035719083845
2025-01-03,POWER,3.24,0.061744361198954004
2025-01-04,POWER,2.43,1.801720420059217
2025-01-04,POWER,1.69,1.6846709600393588
2025-01-04,POWER,2.76,4.33093658618967
2025-01-04,POWER,2.49,2.4472093792621297
2025-01-04,POWER,2.49,2.4472093792621297
2025-01-04,POWER,2.3,0.8469408505852127
2025-01-04,POWER,3.83,6.348292319445568
2025-01-04,POWER,2.55,0.5960169220135797
2025-01-04,POWER,5.78,3.678999597148224
2025-01-04,POWER,6.92,6.258775309717441
2025-01-04,POWER,6.92,6.258775309717441
2025-01-04,POWER,4.77,5.509376981183429
2025-01-04,POWER,3.19,-0.02488490791176513
2025-01-05,POWER,0.62,1.6690793229122405
2025-01-05,POWER,1.29,1.4800187168553796
2025-01-05,POWER,1.62,4.176774005503265
2025-01-05,POWER,1.75,2.3450090652642683
2025-01-05,POWER,1.75,2.3450090652642683
2025-01-05,POWER,2.04,0.40529316503367896
2025-01-05,POWER,3.06,5.8822059788002345
2025-01-05,POWER,1.68,0.6374195953968012
2025-01-05,POWER,2.44,3.4952937008404166
2025-01-05,POWER,3.37,6.261357978198468
2025-01-05,POWER,3.37,6.261357978198468
2025-01-05,POWER,2.76,5.381691338039352
2025-01-05,POWER,1.16,0.13355164763018212
2025-01-06,POWER,1.46,1.551491300033518
2025-01-06,POWER,1.95,1.6172666663730213
2025-01-06,POWER,3.31,4.561882889551253
2025-01-06,POWER,2.67,2.5668621826165245
2025-01-06,POWER,2.67,2.5668621826165245
2025-01-06,POWER,2.68,0.6433338491223399
2025-01-06,POWER,6.95,6.102434537449421
2025-01-06,POWER,1.5,0.8232011458862627
2025-01-06,POWER,5.76,3.69395110902108
2025-01-06,POWER,7.36,6.1319097391891235
2025-01-06,POWER,7.36,6.1319097391891235
2025-01-06,POWER,4.43,5.346760469775269
2025-01-06,POWER,2.11,0.20986124097524408
2025-01-07,POWER,1.5,1.6069375214185286
2025-01-07,POWER,1.26,1.52750033091966
2025-01-07,POWER,2.93,4.004810131136605
2025-01-07,POWER,2.19,2.319181421895038
2025-01-07,POWER,2.19,2.319181421895038
2025-01-07,POWER,0.23,0.5748679511975554
2025-01-07,POWER,5.7,5.8919397436460015
2025-01-07,POWER,0.35,0.537823330898911
2025-01-07,POWER,3.35,3.571821093388327
2025-01-07,POWER,6.09,6.027481170542672
2025-01-07,POWER,6.09,6.027481170542672
2025-01-07,POWER,6.28,5.2851985891408155
2025-01-07,POWER,1.06,0.06936037619556465
2025-01-08,POWER,0.35,1.5245388633641666
2025-01-08,POWER,1.91,1.223178436011981
2025-01-08,POWER,4.03,3.595305264677874
2025-01-08,POWER,1.74,2.220591457006146
2025-01-08,POWER,1.74,2.220591457006146
2025-01-08,POWER,0.79,-0.06832658030188864
2025-01-08,POWER,5.47,5.350925079203336
2025-01-08,POWER,1.39,0.021909026135610375
2025-01-08,POWER,4.01,2.7567953881695
2025-01-08,POWER,4.15,5.9992637618272635
2025-01-08,POWER,4.15,5.9992637618272635
2025-01-08,POWER,3.19,5.276248281220984
2025-01-08,POWER,0.94,-0.8112502430724854
2025-01-09,POWER,1.48,1.5075081471140013
2025-01-09,POWER,0.8,1.1746866549586918
2025-01-09,POWER,3.08,3.5742717865524405
2025-01-09,POWER,1.83,2.064394581097119
2025-01-09,POWER,1.83,2.064394581097119
2025-01-09,POWER,-0.6,-0.018629064768505735
2025-01-09,POWER,5.5,5.334042778224397
2025-01-09,POWER,-0.88,-0.02700697201284352
2025-01-09,POWER,3.54,2.7641092562246947
2025-01-09,POWER,6.27,5.653955261649674
2025-01-09,POWER,6.27,5.653955261649674
2025-01-09,POWER,2.92,5.283697415526971
2025-01-09,POWER,0.06,-0.4185777844626963
2025-01-10,POWER,2.19,1.642170121563405
2025-01-10,POWER,1.19,1.4976667997634685
2025-01-10,POWER,2.93,3.845219929568256
2025-01-10,POWER,3.31,2.1796507639540375
2025-01-10,POWER,3.31,2.1796507639540375
2025-01-10,POWER,0.3,0.22942095064831536
2025-01-10,POWER,6.27,5.656667170585781
2025-01-10,POWER,-0.84,0.19873810632896874
2025-01-10,POWER,3.77,3.0534840152033302
2025-01-10,POWER,5.2,5.7256417720831525
2025-01-10,POWER,5.2,5.7256417720831525
2025-01-10,POWER,2.26,5.4369911071203125
2025-01-10,POWER,0.37,-0.590873570362539
2025-01-11,POWER,2.11,1.8076762274197966
2025-01-11,POWER,1.9,1.6789110730054557
2025-01-11,POWER,6.07,4.03365266493594
2025-01-11,POWER,2.95,2.3750016680792267
2025-01-11,POWER,2.95,2.3750016680792267
2025-01-11,POWER,4.49,0.3199252886680173
2025-01-11,POWER,7.89,5.9101460064135685
2025-01-11,POWER,2.7,0.21893911079074588
2025-01-11,POWER,6.06,3.3498010212392493
2025-01-11,POWER,5.13,6.104820918247366
2025-01-11,POWER,5.13,6.104820918247366
2025-01-11,POWER,3.54,5.424540593959441
2025-01-11,POWER,2.27,-0.2702088942143304
2025-01-12,POWER,0.94,1.7492886387312696
2025-01-12,POWER,0.32,1.6150347059382821
2025-01-12,POWER,1.51,3.9960837503209166
2025-01-12,POWER,1.55,2.1891915089350076
2025-01-12,POWER,1.55,2.1891915089350076
2025-01-12,POWER,0.36,0.35169488863034537
2025-01-12,POWER,6.5,5.867694625962459
2025-01-12,POWER,-0.5,0.5251646259294942
2025-01-12,POWER,4.24,3.1428581650949186
2025-01-12,POWER,4.38,6.0398019440669355
2025-01-12,POWER,4.38,6.0398019440669355
2025-01-12,POWER,3.58,5.197712649858181
2025-01-12,POWER,-1.02,-0.5809687674181204
2025-01-13,POWER,0.87,1.3258294874289192
2025-01-13,POWER,0.81,0.9793075629534036
2025-01-13,POWER,2.81,3.3547137959732267
2025-01-13,POWER,1.41,1.820843185979099
2025-01-13,POWER,1.41,1.820843185979099
2025-01-13,POWER,-2.32,-0.16369233958560758
2025-01-13,POWER,3.37,5.408617580272087
2025-01-13,POWER,-3.47,0.07921942247982595
2025-01-13,POWER,0.7,2.8388962952910206
2025-01-13,POWER,5.75,4.762443793155712
2025-01-13,POWER,5.75,4.762443793155712
2025-01-13,POWER,-0.66,4.329240517858775
2025-01-13,POWER,-4.1,-0.5350122917532855
2025-01-14,POWER,0.35,1.2469673005287
2025-01-14,POWER,-2.09,0.8029593683235431
2025-01-14,POWER,-0.33,3.444802300423256
2025-01-14,POWER,0.45,1.5738617311966714
2025-01-14,POWER,0.45,1.5738617311966714
2025-01-14,POWER,-3.66,-0.008801217765319677
2025-01-14,POWER,0.96,5.427929247966228
2025-01-14,POWER,-4.5,0.22643289839349665
2025-01-14,POWER,-1.14,2.8422887749730137
2025-01-14,POWER,4.32,4.512141879380932
2025-01-14,POWER,4.32,4.512141879380932
2025-01-14,POWER,-1.74,4.231478134858616
2025-01-14,POWER,-5.33,-0.5279246546735283
2025-01-15,POWER,0.6,1.1995074480219803
2025-01-15,POWER,-3.26,0.9232962181619444
2025-01-15,POWER,-1.32,3.5102777074308897
2025-01-15,POWER,-0.51,2.116401855460223
2025-01-15,POWER,-0.51,2.116401855460223
2025-01-15,POWER,-5.1,-0.2776477429708023
2025-01-15,POWER,0.88,5.513801515751478
2025-01-15,POWER,-4.92,0.06363815837949524
2025-01-15,POWER,-1.05,2.8395285905804744
2025-01-15,POWER,5.71,4.92349730045212
2025-01-15,POWER,5.71,4.92349730045212
2025-01-15,POWER,-1.09,4.605474947003618
2025-01-15,POWER,-4.86,-0.8700638828952592
2025-01-16,POWER,0.96,1.6230931836142883
2025-01-16,POWER,2.19,1.6587115381211939
2025-01-16,POWER,2.67,4.055800250589775
2025-01-16,POWER,3.16,2.586338788307763
2025-01-16,POWER,3.16,2.586338788307763
2025-01-16,POWER,-1.31,0.10621687583138792
2025-01-16,POWER,7.24,5.986632577944049
2025-01-16,POWER,-2.41,0.20935132915532112
2025-01-16,POWER,5.84,3.5730875840680967
2025-01-16,POWER,6.3,6.165836095326495
2025-01-16,POWER,6.3,6.165836095326495
2025-01-16,POWER,3.6,5.465948192018756
2025-01-16,POWER,0.55,-0.2732767500989606
2025-01-17,POWER,0.41,1.8881505888350534
2025-01-17,POWER,1.22,1.832129603581793
2025-01-17,POWER,2.89,4.4404036379429375
2025-01-17,POWER,0.77,2.505599998387836
2025-01-17,POWER,0.77,2.505599998387836
2025-01-17,POWER,1.76,0.9159918352448781
2025-01-17,POWER,4.84,6.375227629412523
2025-01-17,POWER,0.54,0.9284882232841662
2025-01-17,POWER,4.49,3.820013769554497
2025-01-17,POWER,4.37,6.148590438003618
2025-01-17,POWER,4.37,6.148590438003618
2025-01-17,POWER,1.8,5.297632106757944
2025-01-17,POWER,0.78,0.20003344218480298
2025-01-18,POWER,1.47,1.935871218877274
2025-01-18,POWER,1.19,1.8920605351631208
2025-01-18,POWER,2.43,4.520371550080562
2025-01-18,POWER,0.26,2.4436731813391175
2025-01-18,POWER,0.26,2.4436731813391175
2025-01-18,POWER,1.21,1.0200452539967557
2025-01-18,POWER,4.06,6.406870653943187
2025-01-18,POWER,1.43,0.7723000074275739
2025-01-18,POWER,4.39,3.8190356490781965
2025-01-18,POWER,5.69,6.3234149592093996
2025-01-18,POWER,5.69,6.3234149592093996
2025-01-18,POWER,3.56,5.404474553020846
2025-01-18,POWER,2.1,0.261141858434842
2025-01-19,POWER,0.97,1.8760856729671298
2025-01-19,POWER,0.4,1.666355469120097
2025-01-19,POWER,1.12,4.365365350535526
2025-01-19,POWER,-0.44,2.3285804951892533
2025-01-19,POWER,-0.44,2.3285804951892533
2025-01-19,POWER,2.31,0.8090043005286804
2025-01-19,POWER,5.84,6.054302814791515
2025-01-19,POWER,2.13,0.9899870268508564
2025-01-19,POWER,4.46,3.7186197125765426
2025-01-19,POWER,5.81,6.161163748826168
2025-01-19,POWER,5.81,6.161163748826168
2025-01-19,POWER,3.56,5.584698737045844
2025-01-19,POWER,2.28,0.3499368385965298
2025-01-20,POWER,1.8,1.796668339261064
2025-01-20,POWER,2.38,1.6501851948457757
2025-01-20,POWER,3.25,4.328057958212174
2025-01-20,POWER,1.85,2.4137688429999793
2025-01-20,POWER,1.85,2.4137688429999793
2025-01-20,POWER,2.45,0.7950846121999022
2025-01-20,POWER,6.0,6.098919555042357
2025-01-20,POWER,2.39,0.6599882942504536
2025-01-20,POWER,5.36,3.7085156631955556
2025-01-20,POWER,6.03,6.156472794206553
2025-01-20,POWER,6.03,6.156472794206553
2025-01-20,POWER,4.53,5.467000190093495
2025-01-20,POWER,2.88,0.08960903489457589
2025-01-21,POWER,0.1,1.9029864292349372
2025-01-21,POWER,0.66,1.8048324456509819
2025-01-21,POWER,2.09,4.456891650248823
2025-01-21,POWER,0.14,2.523829395696366
2025-01-21,POWER,0.14,2.523829395696366
2025-01-21,POWER,2.4,0.6828940535822084
2025-01-21,POWER,5.7,5.988144365843544
2025-01-21,POWER,2.72,0.6960177194191188
2025-01-21,POWER,4.67,3.5948033579863687
2025-01-21,POWER,5.56,6.043198928528977
2025-01-21,POWER,5.56,6.043198928528977
2025-01-21,POWER,3.49,5.463833053789468
2025-01-21,POWER,2.27,0.15626916396823798
2025-01-22,POWER,2.03,1.9889832722322078
2025-01-22,POWER,1.42,1.857858326927365
2025-01-22,POWER,2.41,4.672412712766782
2025-01-22,POWER,0.71,2.614813361530606
2025-01-22,POWER,0.71,2.614813361530606
2025-01-22,POWER,3.03,0.843054841255837
2025-01-22,POWER,6.28,6.35094547739642
2025-01-22,POWER,1.73,0.6862040881578507
2025-01-22,POWER,6.09,3.814167318613169
2025-01-22,POWER,7.35,6.21441741243016
2025-01-22,POWER,7.35,6.21441741243016
2025-01-22,POWER,4.56,5.57438824097832
2025-01-22,POWER,3.34,0.26396405094763487
2025-01-23,POWER,1.48,1.8585329258195225
2025-01-23,POWER,1.45,1.7811739689560955
2025-01-23,POWER,2.6,4.5006783149006235
2025-01-23,POWER,1.45,2.508623426442081
2025-01-23,POWER,1.45,2.508623426442081
2025-01-23,POWER,2.81,0.9749000820316603
2025-01-23,POWER,5.65,6.350226439003652
2025-01-23,POWER,1.89,0.9512670540898898
2025-01-23,POWER,3.06,4.06862519640314
2025-01-23,POWER,6.4,6.281546469043377
2025-01-23,POWER,6.4,6.281546469043377
2025-01-23,POWER,4.91,5.717391835088565
2025-01-23,POWER,1.42,0.3539695587994277
2025-01-24,POWER,1.28,1.7691071002361416
2025-01-24,POWER,0.93,1.7107342304945694
2025-01-24,POWER,1.14,4.50852928344575
2025-01-24,POWER,1.19,2.494822562908322
2025-01-24,POWER,1.19,2.494822562908322
2025-01-24,POWER,1.48,0.7098242359695004
2025-01-24,POWER,5.12,6.2878430629250595
2025-01-24,POWER,2.24,0.6230902985881351
2025-01-24,POWER,5.12,3.8814221235064554
2025-01-24,POWER,6.19,6.217144568249053
2025-01-24,POWER,6.19,6.217144568249053
2025-01-24,POWER,3.37,5.598151738389336
2025-01-24,POWER,3.05,0.1788751143846296
2025-01-25,POWER,1.52,1.7555681282677758
2025-01-25,POWER,-0.8,1.6469276737502982
2025-01-25,POWER,2.0,4.330692311131963
2025-01-25,POWER,0.66,2.365809197077976
2025-01-25,POWER,0.66,2.365809197077976
2025-01-25,POWER,1.19,0.6514673890947087
2025-01-25,POWER,5.08,6.0704397575083995
2025-01-25,POWER,2.93,0.6099418841634959
2025-01-25,POWER,5.35,3.7289559980262514
2025-01-25,POWER,6.87,6.091907188758178
2025-01-25,POWER,6.87,6.091907188758178
2025-01-25,POWER,5.12,5.51350223301879
2025-01-25,POWER,3.47,0.1397692735955888
2025-01-26,POWER,1.12,1.667944292951055
2025-01-26,POWER,3.1,1.6678519979512965
2025-01-26,POWER,4.69,4.195045621530167
2025-01-26,POWER,3.59,2.279261062296754
2025-01-26,POWER,3.59,2.279261062296754
2025-01-26,POWER,3.94,0.4831771345441905
2025-01-26,POWER,7.38,5.978505371696692
2025-01-26,POWER,4.52,0.4813878017439874
2025-01-26,POWER,5.99,3.559279780856759
2025-01-26,POWER,6.95,6.027093489299589
2025-01-26,POWER,6.95,6.027093489299589
2025-01-26,POWER,5.01,5.453543654276433
2025-01-26,POWER,3.4,-0.034326874881255055
2025-01-27,POWER,0.8,1.4465557980371446
2025-01-27,POWER,1.75,1.4827071656744195
2025-01-27,POWER,3.39,4.264139593932152
2025-01-27,POWER,2.57,2.1493998713500346
2025-01-27,POWER,2.57,2.1493998713500346
2025-01-27,POWER,3.28,0.517653150339393
2025-01-27,POWER,6.59,6.049937131223054
2025-01-27,POWER,3.43,0.4917480228985853
2025-01-27,POWER,5.62,3.5872829010606475
2025-01-27,POWER,6.78,5.882561668326519
2025-01-27,POWER,6.78,5.882561668326519
2025-01-27,POWER,4.98,5.2398842784670165
2025-01-27,POWER,3.09,-0.0956846708220097
2025-01-28,POWER,-0.78,1.3187048089995805
2025-01-28,POWER,0.27,1.3720718796756148
2025-01-28,POWER,0.97,4.090051982245592
2025-01-28,POWER,1.22,1.999061011841461
2025-01-28,POWER,1.22,1.999061011841461
2025-01-28,POWER,2.58,0.41425246281796785
2025-01-28,POWER,4.21,5.7709408328684715
2025-01-28,POWER,3.05,0.39791032499510137
2025-01-28,POWER,4.87,3.4613424379815902
2025-01-28,POWER,6.4,5.841387246802547
2025-01-28,POWER,6.4,5.841387246802547
2025-01-28,POWER,4.77,5.205820033852138
2025-01-28,POWER,3.18,-0.18140859565898154
2025-01-29,POWER,0.24,1.2411163423418716
2025-01-29,POWER,-0.29,1.3924785725121875
2025-01-29,POWER,2.19,4.082678812673197
2025-01-29,POWER,0.03,1.9335643800213254
2025-01-29,POWER,0.03,1.9335643800213254
2025-01-29,POWER,1.24,0.2800967892594671
2025-01-29,POWER,5.45,5.730599736722597
2025-01-29,POWER,3.18,0.24951483150987652
2025-01-29,POWER,5.85,3.327210669250896
2025-01-29,POWER,6.38,5.709697428344609
2025-01-29,POWER,6.38,5.709697428344609
2025-01-29,POWER,3.27,5.199847221208407
2025-01-29,POWER,3.71,-0.19448703645972834
2025-01-30,POWER,0.9,1.2327557928179895
2025-01-30,POWER,1.37,1.3385060310855867
2025-01-30,POWER,3.69,3.9217296200970417
2025-01-30,POWER,3.14,2.1022207431345774
2025-01-30,POWER,3.14,2.1022207431345774
2025-01-30,POWER,3.41,0.2514211966914827
2025-01-30,POWER,6.83,5.861146219148477
2025-01-30,POWER,4.17,0.2955604582378283
2025-01-30,POWER,6.07,3.4499811748376343
2025-01-30,POWER,7.04,5.793256448940326
2025-01-30,POWER,7.04,5.793256448940326
2025-01-30,POWER,4.35,5.001905688194727
2025-01-30,POWER,3.62,-0.24866827616129142
2025-01-31,POWER,1.81,1.0668795346325324
2025-01-31,POWER,0.4,1.1655491227997723
2025-01-31,POWER,1.87,3.7709251785226807
2025-01-31,POWER,1.59,1.8825314771553159
2025-01-31,POWER,1.59,1.8825314771553159
2025-01-31,POWER,2.25,0.07451292586728947
2025-01-31,POWER,5.32,5.5020750123895645
2025-01-31,POWER,2.89,0.0634660632446136
2025-01-31,POWER,5.32,3.1032087859868542
2025-01-31,POWER,6.39,5.535260145341508
2025-01-31,POWER,6.39,5.535260145341508
2025-01-31,POWER,4.0,4.903533147410593
2025-01-31,POWER,2.7,-0.36915266558645676
2025-02-01,POWER,1.2,0.8312376883369491
2025-02-01,POWER,0.63,1.0649191154022681
2025-02-01,POWER,3.35,3.67422601932041
2025-02-01,POWER,1.5,1.6438712949011542
2025-02-01,POWER,1.5,1.6438712949011542
2025-02-01,POWER,-1.29,-0.3524671308816449
2025-02-01,POWER,5.5,5.2811688179922065
2025-02-01,POWER,-2.04,-0.24682648023104922
2025-02-01,POWER,2.15,2.701148645417861
2025-02-01,POWER,6.21,4.767649927060379
2025-02-01,POWER,6.21,4.767649927060379
2025-02-01,POWER,2.62,4.262338563471715
2025-02-01,POWER,-1.91,-1.0380494076462048
2025-02-02,POWER,0.53,0.810467937441322
2025-02-02,POWER,-0.94,0.9780007546124138
2025-02-02,POWER,-0.03,3.337284341310744
2025-02-02,POWER,0.51,1.5491104428457556
2025-02-02,POWER,0.51,1.5491104428457556
2025-02-02,POWER,-3.46,-0.2663278549528498
2025-02-02,POWER,1.4,5.149527624592293
2025-02-02,POWER,-3.68,-0.3519436228988976
2025-02-02,POWER,-0.21,2.2406015310171497
2025-02-02,POWER,6.04,4.233949945488762
2025-02-02,POWER,6.04,4.233949945488762
2025-02-02,POWER,-1.22,3.933948492107215
2025-02-02,POWER,-3.84,-1.6605314462019245
2025-02-03,POWER,1.69,1.1219592581021003
2025-02-03,POWER,-0.03,0.9840114688462913
2025-02-03,POWER,0.58,3.452903246209288
2025-02-03,POWER,1.79,1.637335143905827
2025-02-03,POWER,1.79,1.637335143905827
2025-02-03,POWER,-2.43,-0.43776275475900966
2025-02-03,POWER,2.94,5.141785246763226
2025-02-03,POWER,-2.91,-0.4936749387640968
2025-02-03,POWER,1.1,2.393841802253861
2025-02-03,POWER,6.06,4.558802800976637
2025-02-03,POWER,6.06,4.558802800976637
2025-02-03,POWER,1.0,4.369642990290124
2025-02-03,POWER,-2.75,-1.7155976619538986
2025-02-04,POWER,0.87,1.0954061571800993
2025-02-04,POWER,0.56,1.047401278242932
2025-02-04,POWER,1.78,3.763018883192279
2025-02-04,POWER,2.0,1.7983919665190844
2025-02-04,POWER,2.0,1.7983919665190844
2025-02-04,POWER,-0.36,-0.2743127040896519
2025-02-04,POWER,4.05,5.422411347970376
2025-02-04,POWER,-1.54,-0.30752671832476103
2025-02-04,POWER,2.64,2.5592898588284507
2025-02-04,POWER,5.18,5.1261979906895085
2025-02-04,POWER,5.18,5.1261979906895085
2025-02-04,POWER,2.44,4.481704058388491
2025-02-04,POWER,-0.81,-1.2631514741135679
2025-02-05,POWER,0.47,0.6496145296206982
2025-02-05,POWER,-0.48,0.6861552298177565
2025-02-05,POWER,-0.57,2.9972445731425865
2025-02-05,POWER,0.71,1.0944547265156102
2025-02-05,POWER,0.71,1.0944547265156102
2025-02-05,POWER,-4.23,-0.9456192323908131
2025-02-05,POWER,0.98,4.783771177052094
2025-02-05,POWER,-3.75,-1.1726307087650731
2025-02-05,POWER,-1.0,1.771929242984582
2025-02-05,POWER,6.13,3.7542162029144475
2025-02-05,POWER,6.13,3.7542162029144475
2025-02-05,POWER,2.38,3.585026071097799
2025-02-05,POWER,-5.25,-2.2969274210921236
2025-02-06,POWER,3.28,0.7839006894169875
2025-02-06,POWER,1.92,0.7265828469860243
2025-02-06,POWER,0.21,3.019073509452066
2025-02-06,POWER,1.24,1.3222477362568854
2025-02-06,POWER,1.24,1.3222477362568854
2025-02-06,POWER,-1.04,-1.1651365998944754
2025-02-06,POWER,4.28,4.48059831481705
2025-02-06,POWER,-0.89,-1.3372789503071205
2025-02-06,POWER,2.21,1.9032273623773022
2025-02-06,POWER,8.04,4.78504207900814
2025-02-06,POWER,8.04,4.78504207900814
2025-02-06,POWER,3.72,4.266098748812692
2025-02-06,POWER,-0.84,-2.305154066381815
2025-02-07,POWER,2.06,1.0223631629909133
2025-02-07,POWER,1.98,1.1119485744452067
2025-02-07,POWER,1.36,3.618479191136951
2025-02-07,POWER,1.6,1.610995844376687
2025-02-07,POWER,1.6,1.610995844376687
2025-02-07,POWER,-0.78,-0.8456987561508008
2025-02-07,POWER,4.16,4.945270660131498
2025-02-07,POWER,-0.43,-1.2011725696101738
2025-02-07,POWER,5.32,2.622900080052226
2025-02-07,POWER,8.67,5.0162738980166335
2025-02-07,POWER,8.67,5.0162738980166335
2025-02-07,POWER,4.6,4.630224147323444
2025-02-07,POWER,1.3,-1.193358905183477
2025-02-08,POWER,3.22,0.880475969145049
2025-02-08,POWER,1.12,1.0147167462366247
2025-02-08,POWER,2.07,3.609035141014223
2025-02-08,POWER,1.65,1.655214924196507
2025-02-08,POWER,1.65,1.655214924196507
2025-02-08,POWER,-0.15,-0.10717333456525865
2025-02-08,POWER,4.13,5.33021980380699
2025-02-08,POWER,0.51,-0.16458791163478628
2025-02-08,POWER,4.48,2.4862821233719945
2025-02-08,POWER,8.87,5.039660011681527
2025-02-08,POWER,8.87,5.039660011681527
2025-02-08,POWER,5.26,4.726904841947307
2025-02-08,POWER,2.04,-1.1192744732750446
2025-02-09,POWER,2.25,0.9454967542848484
2025-02-09,POWER,1.83,0.9885225768764254
2025-02-09,POWER,2.43,3.6937080419433856
2025-02-09,POWER,2.98,1.5656798218656776
2025-02-09,POWER,2.98,1.5656798218656776
2025-02-09,POWER,1.56,0.00471135247947814
2025-02-09,POWER,7.23,5.370512809329276
2025-02-09,POWER,0.64,0.01398756875329949
2025-02-09,POWER,6.49,2.9921783543745697
2025-02-09,POWER,8.11,5.263003173078228
2025-02-09,POWER,8.11,5.263003173078228
2025-02-09,POWER,6.37,4.781350290972219
2025-02-09,POWER,1.01,-0.9023786436395081
2025-02-10,POWER,0.28,0.32931178408625067
2025-02-10,POWER,0.52,0.6899748248794491
2025-02-10,POWER,0.75,3.42196251275325
2025-02-10,POWER,0.46,1.190322599632327
2025-02-10,POWER,0.46,1.190322599632327
2025-02-10,POWER,0.71,-0.3013425777618801
2025-02-10,POWER,3.48,5.179231257627735
2025-02-10,POWER,1.16,-0.22625355374515993
2025-02-10,POWER,4.69,2.680200308112496
2025-02-10,POWER,6.94,4.928308852715508
2025-02-10,POWER,6.94,4.928308852715508
2025-02-10,POWER,4.38,4.453047892399996
2025-02-10,POWER,2.15,-0.8438666890913745
2025-02-11,POWER,0.25,0.21634637919767108
2025-02-11,POWER,-0.89,0.476534314923183
2025-02-11,POWER,0.17,3.1291062439804977
2025-02-11,POWER,-1.17,1.0488672266328338
2025-02-11,POWER,-1.17,1.0488672266328338
2025-02-11,POWER,0.54,-0.5106584675328806
2025-02-11,POWER,2.74,4.902184321828317
2025-02-11,POWER,0.27,-0.31446102498824574
2025-02-11,POWER,2.91,2.4945510763259606
2025-02-11,POWER,6.05,4.636511606176418
2025-02-11,POWER,6.05,4.636511606176418
2025-02-11,POWER,1.83,4.194506377553062
2025-02-11,POWER,0.41,-1.1230167312170223
2025-02-12,POWER,2.5,0.3691284492479705
2025-02-12,POWER,1.86,0.37598672141032285
2025-02-12,POWER,3.46,2.8905573255009935
2025-02-12,POWER,1.74,0.9489094568815476
2025-02-12,POWER,1.74,0.9489094568815476
2025-02-12,POWER,-0.24,-0.688547469035983
2025-02-12,POWER,4.24,4.6806399197765085
2025-02-12,POWER,-1.38,-0.4513495342780012
2025-02-12,POWER,1.21,2.2553725976685066
2025-02-12,POWER,5.1,4.480507734314848
2025-02-12,POWER,5.1,4.480507734314848
2025-02-12,POWER,1.33,4.141862418380557
2025-02-12,POWER,-4.0,-1.2986350546455203
2025-02-13,POWER,2.09,0.10656883446117744
2025-02-13,POWER,1.32,0.20959482006040558
2025-02-13,POWER,2.5,2.6731484615091747
2025-02-13,POWER,1.97,0.9562397887863373
2025-02-13,POWER,1.97,0.9562397887863373
2025-02-13,POWER,-2.64,-1.0848909770124184
2025-02-13,POWER,1.82,4.611040305502737
2025-02-13,POWER,-4.69,-1.157402124038729
2025-02-13,POWER,-1.1,1.77133021602889
2025-02-13,POWER,4.68,3.8481292652019223
2025-02-13,POWER,4.68,3.8481292652019223
2025-02-13,POWER,2.16,3.610096261827409
2025-02-13,POWER,-5.23,-2.2690480151726753
2025-02-14,POWER,0.15,0.2035634340686555
2025-02-14,POWER,0.17,-0.24205677180183466
2025-02-14,POWER,-1.27,1.8544010784404097
2025-02-14,POWER,-0.79,0.5965149189308884
2025-02-14,POWER,-0.79,0.5965149189308884
2025-02-14,POWER,-5.55,-2.0545742686642625
2025-02-14,POWER,-0.59,3.76015913718949
2025-02-14,POWER,-5.2,-2.2747567507037645
2025-02-14,POWER,-2.52,0.6971746206801858
2025-02-14,POWER,5.08,2.912445255017146
2025-02-14,POWER,5.08,2.912445255017146
2025-02-14,POWER,-0.35,2.8997573669582692
2025-02-14,POWER,-5.22,-3.2081503029100253
2025-02-15,POWER,2.65,0.24889360464864144
2025-02-15,POWER,-0.15,0.13237315043407288
2025-02-15,POWER,-1.25,2.2562209056727807
2025-02-15,POWER,-0.83,0.49735745455214253
2025-02-15,POWER,-0.83,0.49735745455214253
2025-02-15,POWER,-3.54,-1.8937131772077844
2025-02-15,POWER,1.56,3.5722467163428813
2025-02-15,POWER,-3.54,-2.0636033018638167
2025-02-15,POWER,-0.8,0.8279100685487653
2025-02-15,POWER,6.83,3.297735629633877
2025-02-15,POWER,6.83,3.297735629633877
2025-02-15,POWER,1.83,3.202523675214589
2025-02-15,POWER,-2.91,-3.2436319022275986
2025-02-16,POWER,0.92,0.08374580829593149
2025-02-16,POWER,0.58,0.049176012573596384
2025-02-16,POWER,0.36,2.5557841054995585
2025-02-16,POWER,-0.18,0.8301143767303385
2025-02-16,POWER,-0.18,0.8301143767303385
2025-02-16,POWER,-2.45,-1.739329782682061
2025-02-16,POWER,2.63,4.130716009979243
2025-02-16,POWER,-2.96,-1.8434273761302808
2025-02-16,POWER,0.52,1.3977366052369073
2025-02-16,POWER,6.44,3.8359381770671783
2025-02-16,POWER,6.44,3.8359381770671783
2025-02-16,POWER,0.02,3.0500857245842403
2025-02-16,POWER,-3.37,-3.020578990169608
2025-02-17,POWER,1.04,0.24811565313690687
2025-02-17,POWER,0.99,0.1959834265932243
2025-02-17,POWER,3.38,2.6755020775390834
2025-02-17,POWER,3.29,0.8434638147812897
2025-02-17,POWER,3.29,0.8434638147812897
2025-02-17,POWER,2.03,-1.1366679197078293
2025-02-17,POWER,5.56,4.44480267070642
2025-02-17,POWER,0.77,-1.317951925184392
2025-02-17,POWER,6.0,1.859405596192182
2025-02-17,POWER,7.7,4.27709973201071
2025-02-17,POWER,7.7,4.27709973201071
2025-02-17,POWER,5.19,3.7751160168198092
2025-02-17,POWER,1.84,-1.6248362412959663
2025-02-18,POWER,0.76,0.16936706881335886
2025-02-18,POWER,2.64,0.292146817860882
2025-02-18,POWER,3.69,2.952733643690313
2025-02-18,POWER,4.23,0.9897876267774626
2025-02-18,POWER,4.23,0.9897876267774626
2025-02-18,POWER,0.55,-0.9814592621439194
2025-02-18,POWER,7.47,4.623588983663824
2025-02-18,POWER,0.28,-1.1121007324644037
2025-02-18,POWER,6.12,2.092244100788314
2025-02-18,POWER,7.71,4.644207403045157
2025-02-18,POWER,7.71,4.644207403045157
2025-02-18,POWER,4.26,4.10091363786969
2025-02-18,POWER,0.61,-1.7077651610617777
2025-02-19,POWER,1.07,0.094859784707126
2025-02-19,POWER,0.84,0.16124067172330386
2025-02-19,POWER,1.23,2.834298294252443
2025-02-19,POWER,1.33,0.750487873020713
2025-02-19,POWER,1.33,0.750487873020713
2025-02-19,POWER,0.45,-1.3113747300737666
2025-02-19,POWER,5.7,4.427783204685214
2025-02-19,POWER,-0.8,-1.2476541953627638
2025-02-19,POWER,4.82,1.7327290421503743
2025-02-19,POWER,7.21,4.188186186213517
2025-02-19,POWER,7.21,4.188186186213517
2025-02-19,POWER,3.99,3.604083458911155
2025-02-19,POWER,-1.37,-2.218982384746134
2025-02-20,POWER,2.27,-0.03841811142800638
2025-02-20,POWER,1.67,-0.02410038210571389
2025-02-20,POWER,2.49,2.7036459106953887
2025-02-20,POWER,2.03,0.6521530865974828
2025-02-20,POWER,2.03,0.6521530865974828
2025-02-20,POWER,2.94,-1.115037704265962
2025-02-20,POWER,6.47,4.467998005987162
2025-02-20,POWER,2.78,-0.9233111011716358
2025-02-20,POWER,5.91,1.8947146651822915
2025-02-20,POWER,7.01,4.243867716494363
2025-02-20,POWER,7.01,4.243867716494363
2025-02-20,POWER,4.2,3.7014663573476265
2025-02-20,POWER,0.98,-1.9631189617231481
2025-02-21,POWER,0.51,-0.0843403003589829
2025-02-21,POWER,-0.95,-0.006641412929890953
2025-02-21,POWER,0.59,2.632162850632925
2025-02-21,POWER,-1.88,0.5801579274869261
2025-02-21,POWER,-1.88,0.5801579274869261
2025-02-21,POWER,2.06,-1.0430805919646866
2025-02-21,POWER,5.67,4.396879104587797
2025-02-21,POWER,1.78,-0.8109199337637139
2025-02-21,POWER,3.89,1.9255810537666893
2025-02-21,POWER,6.43,3.946608430824226
2025-02-21,POWER,6.43,3.946608430824226
2025-02-21,POWER,2.81,3.0814664563649057
2025-02-21,POWER,0.36,-1.6436524116918978
2025-02-22,POWER,1.87,-0.09429375135638152
2025-02-22,POWER,1.06,-0.05893370965353159
2025-02-22,POWER,2.39,2.7005206281429976
2025-02-22,POWER,2.05,0.4797753620221264
2025-02-22,POWER,2.05,0.4797753620221264
2025-02-22,POWER,1.07,-1.028602550970854
2025-02-22,POWER,2.61,4.466640531232787
2025-02-22,POWER,0.99,-1.027231163935465
2025-02-22,POWER,2.28,1.953464623011481
2025-02-22,POWER,6.03,4.160002277920781
2025-02-22,POWER,6.03,4.160002277920781
2025-02-22,POWER,3.93,3.601194859986019
2025-02-22,POWER,0.11,-1.7765433330430151
2025-02-23,POWER,-0.02,-0.35396357510524096
2025-02-23,POWER,-0.77,-0.17956407439097125
2025-02-23,POWER,0.39,2.5243773075727036
2025-02-23,POWER,-0.27,0.17205730716635456
2025-02-23,POWER,-0.27,0.17205730716635456
2025-02-23,POWER,1.2,-0.9591066942895962
2025-02-23,POWER,3.08,4.451292515794822
2025-02-23,POWER,0.07,-0.9393190125068399
2025-02-23,POWER,2.04,1.9775322872241865
2025-02-23,POWER,5.73,4.131430232495541
2025-02-23,POWER,5.73,4.131430232495541
2025-02-23,POWER,1.96,3.548187350960163
2025-02-23,POWER,0.28,-1.5661395467439267
2025-02-24,POWER,1.47,-0.3673341132507274
2025-02-24,POWER,1.02,-0.27187526476681295
2025-02-24,POWER,3.5,2.433834213505808
2025-02-24,POWER,1.08,0.4190133988188017
2025-02-24,POWER,1.08,0.4190133988188017
2025-02-24,POWER,1.07,-1.2858684764345647
2025-02-24,POWER,3.04,4.165252298630882
2025-02-24,POWER,0.27,-1.2870147719340923
2025-02-24,POWER,1.72,1.648480349541026
2025-02-24,POWER,3.45,4.160414459482553
2025-02-24,POWER,3.45,4.160414459482553
2025-02-24,POWER,1.97,3.5196595834477797
2025-02-24,POWER,-2.18,-2.0428137275550857
2025-02-25,POWER,1.15,-0.4995366608507252
2025-02-25,POWER,0.61,-0.46043894612111086
2025-02-25,POWER,2.05,2.2030514498153346
2025-02-25,POWER,0.18,0.14907120919845254
2025-02-25,POWER,0.18,0.14907120919845254
2025-02-25,POWER,0.98,-1.3607461622112023
2025-02-25,POWER,5.06,4.042976758527361
2025-02-25,POWER,1.04,-1.4937752213158517
2025-02-25,POWER,4.19,1.5794017153973618
2025-02-25,POWER,5.9,3.7797700643216183
2025-02-25,POWER,5.9,3.7797700643216183
2025-02-25,POWER,2.77,3.2975280814613126
2025-02-25,POWER,2.29,-1.962714554126771
2025-02-26,POWER,1.09,-0.7412356409996925
2025-02-26,POWER,0.97,-0.556829676073237
2025-02-26,POWER,2.12,2.1153311927881933
2025-02-26,POWER,0.29,0.05545150391322095
2025-02-26,POWER,0.29,0.05545150391322095
2025-02-26,POWER,1.46,-1.579279217107713
2025-02-26,POWER,5.02,3.984735936807277
2025-02-26,POWER,2.59,-1.6554253073751557
2025-02-26,POWER,5.31,1.5294432679485175
2025-02-26,POWER,6.88,3.647903820361124
2025-02-26,POWER,6.88,3.647903820361124
2025-02-26,POWER,3.04,3.1404981388509268
2025-02-26,POWER,2.46,-2.083414215024933
2025-02-27,POWER,1.96,-0.8572464377801757
2025-02-27,POWER,1.91,-0.7859470380260309
2025-02-27,POWER,2.14,1.7730535932796538
2025-02-27,POWER,1.95,-0.19110427929309237
2025-02-27,POWER,1.95,-0.19110427929309237
2025-02-27,POWER,1.02,-1.867915599044575
2025-02-27,POWER,4.65,3.7279700384606023
2025-02-27,POWER,3.03,-1.6814494005130458
2025-02-27,POWER,6.1,0.9871431152025489
2025-02-27,POWER,7.44,3.4150137357084063
2025-02-27,POWER,7.44,3.4150137357084063
2025-02-27,POWER,3.66,2.882487119987252
2025-02-27,POWER,2.76,-2.331010910020789
2025-02-28,POWER,2.2,-1.0494164400177162
2025-02-28,POWER,1.56,-1.0767510834155738
2025-02-28,POWER,3.57,1.5655365271866672
2025-02-28,POWER,3.07,-0.46795896770219153
2025-02-28,POWER,3.07,-0.46795896770219153
2025-02-28,POWER,1.65,-1.930358342124026
2025-02-28,POWER,6.46,3.312596277270168
